insert into School(Name,Address,Postal_code,City,Phone_number,Email,Headmaster_name) values
('1ο Γυμνάσιο Ν.Ιωνίας','Αισώπου 1','14232','Αθήνα','2100000000','firstgymn@neaionia.gr','Ιωάννης Παπαδόπουλος'),
('2ο Γυμνάσιο Κηφισιάς','Καλαμάτας 42','14532','Αθήνα','2100000001','secondgymn@khfifia.gr','Εμμανουήλ Αλεξίου'),
('3ο Γυμνάσιο Αμαρουσίου','Μακρυγιάννη 12','15264','Αθήνα','2100000002','thirdgymn@amarousiou.gr','Δημήτρης Κοντός'),
('1ο Λύκειο Καλλιθέας','Τήνου 17','13258','Αθήνα','2100000003','firstlykeio@kalitheas.gr','Βασίλης Σπανούλης'),
('2ο Λύκειο Ζωγράφου','Μοσχονησίων 35','13526','Αθήνα','2100000004','secodlykeio@zwgrafou.gr','Γιαννούλης Λαρετζάκης'),
('Γενικό Λύκειο Φιλοθέης','Αντιγώνης 2','13452','Αθήνα','2100000005','genlykeio@filothei.gr','Κωνσταντίνος Παπανικολάου'),
('4ο Λύκειο Θεσσαλονίκης','Νικηταρά 3','21532','Θεσσαλονίκη','2100000006','fourthlykeio@thessaloniki.gr','Γιώργος Πρίντεζης'),
('5ο Λύκειο Πάτρας','Κανάρη 52','32152','Πάτρα','2100000007','fifthlykeio@patra.gr','Κωνσταντίνος Σλούκας'),
('6ο Λύκειο Ηρακλείου','Ισμήνης 7','45123','Ηράκλειο','2100000008','sixthlykeio@hrakleio.gr','Μιχάλης Λούτζης'),
('2ο Γυμνάσιο Βόλου','Παραποτάμου 8','65412','Βόλος','2100000009','secondgymn@bolos.gr','Γιώργος Παπάς'),
('3ο Λύκειο Αλεξανδρούπολης','Κολοκοτρώνη 4','75412','Αλεξανδρούπολη','2100000010','thirdlykeio@alexandroupoli.gr','Δημήτρης Διαμαντίδης');

INSERT INTO Users (Username, Password, First_Name, Last_Name, Birth_Date, Status, Status2, Phone_number, Email, School_Name, Registration_Date, Last_Update) VALUES
('abarelme0', 'bLPssb', 'Adina', 'Barthelme', '2010-06-01', 'Student', 'Accepted', '862 922 1583', 'abarthelme0@wikimedia.org', '1ο Γυμνάσιο Ν.Ιωνίας', '2021-06-19 12:00:00', '2021-06-19 12:00:00'),
('dpascho1', 'cRduHBcG00', 'Danila', 'Pascho', '2010-07-01', 'Student', 'Accepted', '174 336 5542', 'dpascho1@usa.gov', '1ο Γυμνάσιο Ν.Ιωνίας', '2019-05-27 12:00:00', '2019-05-27 12:00:00'),
('sport2', '1111', 'Sioux', 'Port', '2010-08-01', 'Student', 'Accepted', '528 859 1935', 'sport2@w3.org', '1ο Γυμνάσιο Ν.Ιωνίας', '2021-03-14 12:00:00', '2021-03-14 12:00:00'),
('llassen3', 'L4xstvjr', 'Lenee', 'Lassen', '2010-09-01', 'Student', 'Accepted', '757 640 1946', 'llassen3@wikimedia.org', '1ο Γυμνάσιο Ν.Ιωνίας', '2019-12-12 12:00:00', '2019-12-12 12:00:00'),
('egrossier4', 'Gr49yCf4i', 'Ernest', 'Grossier', '2010-10-01', 'Student', 'Accepted', '190 454 4641', 'egrossier4@comcast.net', '1ο Γυμνάσιο Ν.Ιωνίας', '2020-05-07 12:00:00', '2020-05-07 12:00:00'),
('jgoring5', 'j6Rw1qPRk', 'Jamesy', 'Goring', '2010-11-01', 'Student', 'Accepted', '891 179 9573', 'jgoring5@telegraph.co.uk', '1ο Γυμνάσιο Ν.Ιωνίας', '2021-07-18 12:00:00', '2021-07-18 12:00:00'),
('cknights6', 'rnYFXlxxKM1a', 'Christa', 'Knights', '2010-02-09', 'Student', 'Accepted', '438 750 7689', 'cknights6@deviantart.com', '1ο Γυμνάσιο Ν.Ιωνίας', '2021-07-18 12:00:00', '2021-07-18 12:00:00'),
('mfranzen7', 'qekL8OpEkT', 'Myrna', 'Franzen', '2010-03-09', 'Student', 'Accepted', '857 824 6846', 'mfranzen7@miibeian.gov.cn', '1ο Γυμνάσιο Ν.Ιωνίας', '2021-11-10 12:00:00', '2021-11-10 12:00:00'),
('lgantzer8', 'zw4ves1qc', 'Larine', 'Gantzer', '2010-04-09', 'Student', 'Accepted', '661 394 8053', 'lgantzer8@fda.gov', '1ο Γυμνάσιο Ν.Ιωνίας', '2019-07-24 12:00:00', '2019-07-24 12:00:00'),
('yourry9', 'rhPKzEbfY', 'Yolanthe', 'Ourry', '2010-05-09', 'Student', 'Accepted', '116 227 3006', 'yourry9@stumbleupon.com', '1ο Γυμνάσιο Ν.Ιωνίας', '2019-12-20 12:00:00', '2019-12-20 12:00:00'),
('jlevingsa', 'Q7Dt1pReS', 'Josey', 'Levings', '2010-06-09', 'Student', 'Accepted', '969 628 8804', 'jlevingsa@parallels.com', '1ο Γυμνάσιο Ν.Ιωνίας', '2021-08-04 12:00:00', '2021-08-04 12:00:00'),
('tbewsyb', 'SmeQNazlrG5h', 'Terrance', 'Bewsy', '2010-07-09', 'Student', 'Accepted', '648 558 0215', 'tbewsyb@mit.edu', '1ο Γυμνάσιο Ν.Ιωνίας', '2019-07-05 12:00:00', '2019-07-05 12:00:00'),
('dlinklaterc', '7T7aBV', 'Darin', 'Linklater', '2010-08-09', 'Student', 'Accepted', '897 403 1005', 'dlinklaterc@bluehost.com', '1ο Γυμνάσιο Ν.Ιωνίας', '2019-09-04 12:00:00', '2019-09-04 12:00:00'),
('aobelld', 'Qo3UMWmI9', 'Abbe', 'Obell', '2010-09-09', 'Student', 'Accepted', '696 926 6516', 'aobelld@acquirethisname.com', '1ο Γυμνάσιο Ν.Ιωνίας', '2021-10-05 12:00:00', '2021-10-05 12:00:00'),
('dtavinore', 'FVjI3k3L', 'Dynah', 'Tavinor', '2010-10-09', 'Student', 'Accepted', '789 404 3645', 'dtavinore@linkedin.com', '1ο Γυμνάσιο Ν.Ιωνίας', '2021-10-23 12:00:00', '2021-10-23 12:00:00'),
('swoosnamf', 'VCrmkW', 'Sheilah', 'Woosnam', '2010-11-09', 'Student', 'Accepted', '214 332 2223', 'swoosnamf@123-reg.co.uk', '1ο Γυμνάσιο Ν.Ιωνίας', '2021-01-04 12:00:00', '2021-01-04 12:00:00'),
('slimpertzg', 'IQyY8CP82mE', 'Sarina', 'Limpertz', '2010-12-09', 'Student', 'Accepted', '206 407 7238', 'slimpertzg@ucoz.com', '1ο Γυμνάσιο Ν.Ιωνίας', '2020-01-06 12:00:00', '2020-01-06 12:00:00'),
('lgoodludh', 'IrnB3YxOJ4', 'Licha', 'Goodlud', '2011-01-09', 'Student', 'Accepted', '475 511 7908', 'lgoodludh@mtv.com', '1ο Γυμνάσιο Ν.Ιωνίας', '2019-12-07 12:00:00', '2019-12-07 12:00:00'),
('ehuntoni', 'RBYsDs', 'Evangelina', 'Hunton', '2011-02-09', 'Student', 'Accepted', '970 863 6055', 'ehuntoni@squarespace.com', '1ο Γυμνάσιο Ν.Ιωνίας', '2021-12-14 12:00:00', '2021-12-14 12:00:00'),
('ghugginj', 'oxhunOvR1', 'Giorgio', 'Huggin', '2011-03-09', 'Student', 'Accepted', '232 340 9803', 'ghugginj@1688.com', '1ο Γυμνάσιο Ν.Ιωνίας', '2020-11-24 12:00:00', '2020-11-24 12:00:00'),
('bsherryk', 'GRiNeBEWVhw2', 'Boniface', 'Sherry', '2011-04-09', 'Student', 'Accepted', '916 867 8356', 'bsherryk@ycombinator.com', '1ο Γυμνάσιο Ν.Ιωνίας', '2019-12-26 12:00:00', '2019-12-26 12:00:00'),
('usolonl', '5G6awR6eqFA', 'Urbain', 'Solon', '2011-05-09', 'Student', 'Accepted', '661 375 4099', 'usolonl@biglobe.ne.jp', '1ο Γυμνάσιο Ν.Ιωνίας', '2019-10-25 12:00:00', '2019-10-25 12:00:00'),
('wcarthewm', '5iRCuL', 'Wilhelm', 'Carthew', '2011-06-09', 'Student', 'Accepted', '748 891 0176', 'wcarthewm@buzzfeed.com', '1ο Γυμνάσιο Ν.Ιωνίας', '2021-10-01 12:00:00', '2021-10-01 12:00:00'),
('vwabersinken', 'IqmmhTfzpyy2', 'Valery', 'Wabersinke', '2011-07-09', 'Student', 'Accepted', '843 490 2310', 'vwabersinken@shareasale.com', '1ο Γυμνάσιο Ν.Ιωνίας', '2020-12-15 12:00:00', '2020-12-15 12:00:00'),
('rtolchardo', 'WmAsd0684zT0', 'Roley', 'Tolchard', '2011-08-09', 'Student', 'Accepted', '870 310 1541', 'rtolchardo@joomla.org', '1ο Γυμνάσιο Ν.Ιωνίας', '2020-02-09 12:00:00', '2020-02-09 12:00:00'),
('kcolpusp', 'YekFDG', 'Kally', 'Colpus', '2011-09-09', 'Student', 'Accepted', '752 619 7823', 'kcolpusp@disqus.com', '1ο Γυμνάσιο Ν.Ιωνίας', '2020-12-02 12:00:00', '2020-12-02 12:00:00'),
('lheisterq', 'YzcX4yWDGi4f', 'Leoine', 'Heister', '2011-10-09', 'Student', 'Accepted', '455 449 6506', 'lheisterq@berkeley.edu', '1ο Γυμνάσιο Ν.Ιωνίας', '2019-04-13 12:00:00', '2019-04-13 12:00:00'),
('mattyr', 'vL0aVRHzPi', 'Melodie', 'Atty', '2011-11-09', 'Student', 'Accepted', '216 242 7821', 'mattyr@slate.com', '1ο Γυμνάσιο Ν.Ιωνίας', '2019-05-11 12:00:00', '2019-05-11 12:00:00'),
('mwalliss', 'eJQZrW4F9Ad', 'Missy', 'Wallis', '2011-12-09', 'Student', 'Accepted', '156 727 9378', 'mwalliss@php.net', '1ο Γυμνάσιο Ν.Ιωνίας', '2019-01-01 12:00:00', '2019-01-01 12:00:00'),
('lfirmagert', 'uhuMUl', 'Lorene', 'Firmager', '1990-05-05', 'Teacher', 'Accepted', '168 307 2700', 'lfirmagert@biblegateway.com', '1ο Γυμνάσιο Ν.Ιωνίας', '2019-09-15 12:00:00', '2019-09-15 12:00:00'),
('lstaresmeareu', 'uh5ZCDUNcod9', 'Lars', 'Staresmeare', '1988-05-06', 'Teacher', 'Accepted', '314 277 9433', 'lstaresmeareu@behance.net', '1ο Γυμνάσιο Ν.Ιωνίας', '2021-12-15 12:00:00', '2021-12-15 12:00:00'),
('vpenhaleurackv', 'S2oec6v', 'Viole', 'Penhaleurack', '1986-05-08', 'Teacher', 'Accepted', '772 540 7250', 'vpenhaleurackv@mlb.com', '1ο Γυμνάσιο Ν.Ιωνίας', '2021-02-28 12:00:00', '2021-02-28 12:00:00'),
('ditzhaiekw', 'NeR4GSYT4RHX', 'Dion', 'Itzhaiek', '1984-05-09', 'Teacher', 'Accepted', '725 123 5026', 'ditzhaiekw@domainmarket.com', '1ο Γυμνάσιο Ν.Ιωνίας', '2019-03-13 12:00:00', '2019-03-13 12:00:00'),
('veclesx', 'BSpEFOcbFt', 'Vladimir', 'Ecles', '1982-05-11', 'Teacher', 'Accepted', '435 649 4043', 'veclesx@over-blog.com', '1ο Γυμνάσιο Ν.Ιωνίας', '2019-05-11 12:00:00', '2019-05-11 12:00:00'),
('gmatzy', 'Q1dw5jY8gvW', 'Godart', 'Matz', '1980-05-12', 'Teacher', 'Accepted', '448 507 1586', 'gmatzy@walmart.com', '1ο Γυμνάσιο Ν.Ιωνίας', '2019-11-15 12:00:00', '2019-11-15 12:00:00'),
('nlittefairz', 'US6GLA', 'Niki', 'Littefair', '1978-05-01', 'Teacher', 'Accepted', '618 655 0791', 'nlittefairz@sakura.ne.jp', '1ο Γυμνάσιο Ν.Ιωνίας', '2019-09-15 12:00:00', '2019-09-15 12:00:00'),
('kbaulk10', 'ZU402sCyVh', 'Kandace', 'Baulk', '1976-05-12', 'Teacher', 'Accepted', '622 500 6677', 'kbaulk10@noaa.gov', '1ο Γυμνάσιο Ν.Ιωνίας', '2021-03-07 12:00:00', '2021-03-07 12:00:00'),
('bclift11', '6uOpxK', 'Bernard', 'Clift', '1974-05-02', 'Teacher', 'Accepted', '579 370 0844', 'bclift11@ucoz.com', '1ο Γυμνάσιο Ν.Ιωνίας', '2020-07-05 12:00:00', '2020-07-05 12:00:00'),
('rcorragan12', 'i8ormkR', 'Robbie', 'Corragan', '1972-06-04', 'Teacher', 'Accepted', '175 131 1442', 'rcorragan12@sitemeter.com', '1ο Γυμνάσιο Ν.Ιωνίας', '2019-08-04', '2019-08-04'),
('lselkirk13', 'FMHXm5dOU', 'Leanor', 'Selkirk', '1970-06-16', 'Teacher', 'Accepted', '304 851 7778', 'lselkirk13@nydailynews.com', '1ο Γυμνάσιο Ν.Ιωνίας', '2021-12-28', '2021-12-28'),
('ioannispapadopoulos', 'ioannispapadopoulos', 'Ιωάννης', 'Παπαδόπουλος', '1968-06-07', 'Teacher', 'Accepted', '305 821 5895', 'ioannis@papadopoulos.com', '1ο Γυμνάσιο Ν.Ιωνίας', '2020-01-01', '2020-01-01'),
('giorgosgeorgiou', 'giorgosgeorgiou', 'Γιώργος', 'Γεωργίου', '1966-07-09', 'Admin', 'Accepted', '234 451 7278', 'george@georgiou.com', '1ο Γυμνάσιο Ν.Ιωνίας', '2020-01-01', '2020-01-01'),
('fwildin0', '9aBTPfEjrA83', 'Farlie', 'Wildin', '2010-01-06', 'Student', 'Accepted', '823 344 7349', 'fwildin0@slashdot.org', '2ο Γυμνάσιο Κηφισιάς', '2019-04-17', '2019-04-17'),
('bmannie1', 'Au1yYNeZGJ', 'Biron', 'Mannie', '2010-01-07', 'Student', 'Accepted', '710 661 0416', 'bmannie1@rambler.ru', '2ο Γυμνάσιο Κηφισιάς', '2019-03-15', '2019-03-15'),
('rspleving2', 'ksFmdO8gPdn', 'Reade', 'Spleving', '2010-01-08', 'Student', 'Accepted', '535 774 5279', 'rspleving2@jigsy.com', '2ο Γυμνάσιο Κηφισιάς', '2019-03-31', '2019-03-31'),
('mlown3', 'WelfOgKpSLc', 'Margret', 'Lown', '2010-01-09', 'Student', 'Accepted', '416 651 2242', 'mlown3@google.co.jp', '2ο Γυμνάσιο Κηφισιάς', '2021-03-08', '2021-03-08'),
('tryce4', 'zdG4ro', 'Theobald', 'Ryce', '2010-01-10', 'Student', 'Accepted', '474 737 8591', 'tryce4@so-net.ne.jp', '2ο Γυμνάσιο Κηφισιάς', '2021-08-06', '2021-08-06'),
('srheam5', 'GydWOlc', 'Sandye', 'Rheam', '2010-01-11', 'Student', 'Accepted', '944 129 5725', 'srheam5@zdnet.com', '2ο Γυμνάσιο Κηφισιάς', '2020-12-25', '2020-12-25'),
('cgaiger6', 'gv1sajOPM3', 'Cazzie', 'Gaiger', '2010-02-09', 'Student', 'Accepted', '892 826 5796', 'cgaiger6@state.tx.us', '2ο Γυμνάσιο Κηφισιάς', '2021-08-05', '2021-08-05'),
('bsmoote7', '2osn2w6iCN3', 'Bonnie', 'Smoote', '2010-03-09', 'Student', 'Accepted', '707 204 0389', 'bsmoote7@livejournal.com', '2ο Γυμνάσιο Κηφισιάς', '2021-07-01', '2021-07-01'),
('tpaddon8', '6xMfwP3P4qBZ', 'Theresita', 'Paddon', '2010-04-09', 'Student', 'Accepted', '420 466 4085', 'tpaddon8@adobe.com', '2ο Γυμνάσιο Κηφισιάς', '2021-07-17', '2021-07-17'),
('ldudderidge9', 'DuLO1Ip', 'Loleta', 'Dudderidge', '2010-05-09', 'Student', 'Accepted', '924 919 2937', 'ldudderidge9@deliciousdays.com', '2ο Γυμνάσιο Κηφισιάς', '2021-03-31', '2021-03-31'),
('rosharrya', 'kzPjXSww', 'Ravi', 'O''Sharry', '2010-06-09', 'Student', 'Accepted', '334 740 9048', 'rosharrya@loc.gov', '2ο Γυμνάσιο Κηφισιάς', '2021-06-02', '2021-06-02'),
('hjeffcoatb', '3HgxTe8B9', 'Hart', 'Jeffcoat', '2010-07-09', 'Student', 'Accepted', '365 708 9656', 'hjeffcoatb@psu.edu', '2ο Γυμνάσιο Κηφισιάς', '2020-03-08', '2020-03-08'),
('cdrescherc', 'O2rUWn4sGw', 'Cordelia', 'Drescher', '2010-08-09', 'Student', 'Accepted', '365 156 7467', 'cdrescherc@simplemachines.org', '2ο Γυμνάσιο Κηφισιάς', '2021-12-21', '2021-12-21'),
('gsperrettd', 'VaLyrWm5jB', 'Genny', 'Sperrett', '2010-09-09', 'Student', 'Accepted', '624 510 5578', 'gsperrettd@issuu.com', '2ο Γυμνάσιο Κηφισιάς', '2020-05-13', '2020-05-13'),
('oshipe', 'wFUCynlkg4Qp', 'Ogdon', 'Ship', '2010-10-09', 'Student', 'Accepted', '444 347 5494', 'oshipe@nbcnews.com', '2ο Γυμνάσιο Κηφισιάς', '2019-11-15', '2019-11-15'),
('amanisf', 'fredbwh9XzO', 'Amalie', 'Manis', '2010-11-09', 'Student', 'Accepted', '391 485 0448', 'amanisf@ycombinator.com', '2ο Γυμνάσιο Κηφισιάς', '2021-07-24', '2021-07-24'),
('mkernellg', 'Jf4RXh7z', 'Mireille', 'Kernell', '2010-12-09', 'Student', 'Accepted', '231 737 1101', 'mkernellg@purevolume.com', '2ο Γυμνάσιο Κηφισιάς', '2020-11-15', '2020-11-15'),
('mfaraganh', 'RJ5zNOg', 'Margeaux', 'Faragan', '2011-01-09', 'Student', 'Accepted', '912 564 3826', 'mfaraganh@chronoengine.com', '2ο Γυμνάσιο Κηφισιάς', '2020-02-28', '2020-02-28'),
('tliasi', 'yZTrHdoRs5u', 'Trula', 'Lias', '2011-02-09', 'Student', 'Accepted', '509 163 0874', 'tliasi@dailymail.co.uk', '2ο Γυμνάσιο Κηφισιάς', '2021-05-29', '2021-05-29'),
('jmeliaj', 'idKhMAy', 'Jennifer', 'Melia', '2011-09-03', 'Student', 'Accepted', '789 470 9602', 'jmeliaj@wikipedia.org', '2ο Γυμνάσιο Κηφισιάς', '2019-12-11', '2019-12-11'),
('mcadwaladrk', 'YZPK241q17nh', 'Miran', 'Cadwaladr', '2011-09-04', 'Student', 'Accepted', '352 521 0028', 'mcadwaladrk@si.edu', '2ο Γυμνάσιο Κηφισιάς', '2019-11-08', '2019-11-08'),
('pmenchentonl', 'Q2m8pIa', 'Preston', 'Menchenton', '2010-09-11', 'Student', 'Accepted', '442 161 1431', 'pmenchentonl@examiner.com', '2ο Γυμνάσιο Κηφισιάς', '2019-05-16', '2019-05-16'),
('cmaskellm', 'SXhGZXqHFf', 'Carolyn', 'Maskell', '2010-09-12', 'Student', 'Accepted', '442 618 5966', 'cmaskellm@rakuten.co.jp', '2ο Γυμνάσιο Κηφισιάς', '2019-04-12', '2019-04-12'),
('mcronn', 'WY59rcw', 'Madel', 'Cron', '2011-09-01', 'Student', 'Accepted', '759 970 1727', 'mcronn@lycos.com', '2ο Γυμνάσιο Κηφισιάς', '2021-04-08', '2021-04-08'),
('mdonneelyo', 'XINCIRw', 'Meridith', 'Donneely', '2011-09-02', 'Student', 'Accepted', '567 178 4033', 'mdonneelyo@gnu.org', '2ο Γυμνάσιο Κηφισιάς', '2019-12-31', '2019-12-31'),
('dgalegop', 'vF2CJX', 'David', 'Galego', '2011-09-03', 'Student', 'Accepted', '379 121 7300', 'dgalegop@angelfire.com', '2ο Γυμνάσιο Κηφισιάς', '2019-09-25', '2019-09-25'),
('hniblettq', 'Xh5ByX5mv', 'Hewe', 'Niblett', '2011-09-04', 'Student', 'Accepted', '148 947 7914', 'hniblettq@reverbnation.com', '2ο Γυμνάσιο Κηφισιάς', '2019-09-18', '2019-09-18'),
('abillingsleyr', '5Xd23ZoC', 'Angelo', 'Billingsley', '2011-09-05', 'Student', 'Accepted', '243 599 6227', 'abillingsleyr@opensource.org', '2ο Γυμνάσιο Κηφισιάς', '2019-02-06', '2019-02-06'),
('stacks', '9P1uJI2Li', 'Susanetta', 'Tack', '2011-09-06', 'Student', 'Accepted', '291 998 5751', 'stacks@walmart.com', '2ο Γυμνάσιο Κηφισιάς', '2020-04-17', '2020-04-17'),
('eelsipt', 'daJE1quQ', 'Egbert', 'Elsip', '2011-09-06', 'Student', 'Accepted', '257 308 6017', 'eelsipt@washington.edu', '2ο Γυμνάσιο Κηφισιάς', '2021-04-20', '2021-04-20'),
('hlabbatiu', 'HmfeMLpj', 'Helsa', 'Labbati', '1988-06-05', 'Teacher', 'Accepted', '825 352 4090', 'hlabbatiu@example.com', '2ο Γυμνάσιο Κηφισιάς', '2019-09-15', '2019-09-15'),
('hhenningtonv', 'PVGRmVi', 'Huntlee', 'Hennington', '1986-08-05', 'Teacher', 'Accepted', '723 716 6460', 'hhenningtonv@shop-pro.jp', '2ο Γυμνάσιο Κηφισιάς', '2021-05-18', '2021-05-18'),
('moliviw', 'dtTKjVl6', 'Minerva', 'Olivi', '1984-09-05', 'Teacher', 'Accepted', '324 616 7356', 'moliviw@wired.com', '2ο Γυμνάσιο Κηφισιάς', '2021-09-22', '2021-09-22'),
('ktizardx', '3SkST5ouIV', 'Konstantine', 'Tizard', '1982-09-05', 'Teacher', 'Accepted', '301 149 7522', 'ktizardx@hhs.gov', '2ο Γυμνάσιο Κηφισιάς', '2021-03-20', '2021-03-20'),
('gbattiey', 'WxYUi6ih8', 'Giacobo', 'Battie', '1980-09-12', 'Teacher', 'Accepted', '239 747 3717', 'gbattiey@senate.gov', '2ο Γυμνάσιο Κηφισιάς', '2020-04-11', '2020-04-11'),
('rionescoz', 'k3yrhcQIy', 'Reinald', 'Ionesco', '1978-05-01', 'Teacher', 'Accepted', '663 139 4835', 'rionescoz@prweb.com', '2ο Γυμνάσιο Κηφισιάς', '2020-02-15', '2020-02-15'),
('josgorby10', 'TKDmXu', 'Joel', 'Osgorby', '1976-05-12', 'Teacher', 'Accepted', '366 438 6396', 'josgorby10@shop-pro.jp', '2ο Γυμνάσιο Κηφισιάς', '2019-06-18', '2019-06-18'),
('sedmand11', '5Zp34vb', 'Scarlett', 'Edmand', '1974-05-04', 'Teacher', 'Accepted', '708 997 4273', 'sedmand11@sina.com.cn', '2ο Γυμνάσιο Κηφισιάς', '2021-03-21', '2021-03-21'),
('agretton12', 'YOSGBhxBoI', 'Antonio', 'Gretton', '1972-06-04', 'Teacher', 'Accepted', '456 420 1993', 'agretton12@4shared.com', '2ο Γυμνάσιο Κηφισιάς', '2021-08-16', '2021-08-16'),
('mcobbledick13', 'uoMB8KwZzBS', 'Mendie', 'Cobbledick', '1970-06-01', 'Teacher', 'Accepted', '608 245 1116', 'mcobbledick13@baidu.com', '2ο Γυμνάσιο Κηφισιάς', '2019-11-30', '2019-11-30'),
('emanouilalexiou', 'emanouilalexiou', 'Εμμανουήλ', 'Αλεξίου', '1968-06-02', 'Teacher', 'Accepted', '325 821 5895', 'emanouil@alexiou.com', '2ο Γυμνάσιο Κηφισιάς', '2020-01-01', '2020-01-01'),
('kostasfourtounis', 'kostasfourtounis', 'Κωνσταντίνος', 'Φουρτούνης', '1966-07-09', 'Admin', 'Accepted', '234 451 8078', 'kostas@fourtounis.com', '2ο Γυμνάσιο Κηφισιάς', '2020-01-01', '2020-01-01'),
('ccrossan0', '8f8GaTf', 'Chelsie', 'Crossan', '2010-01-09', 'Student', 'Accepted', '774 993 2811', 'ccrossan0@digg.com', '3ο Γυμνάσιο Αμαρουσίου', '2020-11-20', '2020-11-20'),
('esauven1', 'MChboJd4', 'Emmalee', 'Sauven', '2010-01-10', 'Student', 'Accepted', '361 873 7081', 'esauven1@indiatimes.com', '3ο Γυμνάσιο Αμαρουσίου', '2021-07-01', '2021-07-01'),
('dstrauss2', 'sOGc0EKS', 'Damiano', 'Strauss', '2010-01-11', 'Student', 'Accepted', '677 601 4197', 'dstrauss2@sfgate.com', '3ο Γυμνάσιο Αμαρουσίου', '2020-01-16 12:00:00', '2020-01-16 12:00:00'),
('llakeman3', 'EJb4LPtd', 'Lee', 'Lakeman', '2010-02-09', 'Student', 'Accepted', '372 972 2153', 'llakeman3@ft.com', '3ο Γυμνάσιο Αμαρουσίου', '2019-05-28 12:00:00', '2019-05-28 12:00:00'),
('hbendon4', 'k6KRAZBC2jWm', 'Helene', 'Bendon', '2010-03-09', 'Student', 'Accepted', '850 842 0510', 'hbendon4@imdb.com', '3ο Γυμνάσιο Αμαρουσίου', '2020-05-10 12:00:00', '2020-05-10 12:00:00'),
('gmacduffie5', 'AgUQrvgA', 'Garrett', 'MacDuffie', '2010-04-09', 'Student', 'Accepted', '198 183 0626', 'gmacduffie5@facebook.com', '3ο Γυμνάσιο Αμαρουσίου', '2021-08-28 12:00:00', '2021-08-28 12:00:00'),
('ctrevaskis6', '1VftqDcfYnG', 'Courtney', 'Trevaskis', '2010-05-09', 'Student', 'Accepted', '985 366 2007', 'ctrevaskis6@smh.com.au', '3ο Γυμνάσιο Αμαρουσίου', '2020-05-15 12:00:00', '2020-05-15 12:00:00'),
('hspadollini7', '6vFBoCTVc', 'Hastie', 'Spadollini', '2010-06-09', 'Student', 'Accepted', '913 951 3876', 'hspadollini7@fc2.com', '3ο Γυμνάσιο Αμαρουσίου', '2019-03-06 12:00:00', '2019-03-06 12:00:00'),
('mchaffen8', '3lTimzpFKGZ3', 'Merry', 'Chaffen', '2010-07-09', 'Student', 'Accepted', '440 554 1568', 'mchaffen8@apple.com', '3ο Γυμνάσιο Αμαρουσίου', '2019-07-15 12:00:00', '2019-07-15 12:00:00'),
('sdekeep9', 'sfxZUUF', 'Seline', 'de Keep', '2010-08-09', 'Student', 'Accepted', '997 269 1724', 'sdekeep9@naver.com', '3ο Γυμνάσιο Αμαρουσίου', '2020-01-21 12:00:00', '2020-01-21 12:00:00'),
('kwardsa', 'DswMgvFFjb', 'Kamillah', 'Wards', '2010-09-09', 'Student', 'Accepted', '303 897 6933', 'kwardsa@pen.io', '3ο Γυμνάσιο Αμαρουσίου', '2019-08-30 12:00:00', '2019-08-30 12:00:00'),
('ecordallb', 'AmC8UqvscLLu', 'Elisabeth', 'Cordall', '2010-10-09', 'Student', 'Accepted', '816 776 7081', 'ecordallb@reuters.com', '3ο Γυμνάσιο Αμαρουσίου', '2021-03-02 12:00:00', '2021-03-02 12:00:00'),
('jrebouletc', 'GMrHkJsUKm7', 'Jenica', 'Reboulet', '2010-11-09', 'Student', 'Accepted', '810 157 8442', 'jrebouletc@tinyurl.com', '3ο Γυμνάσιο Αμαρουσίου', '2019-08-17 12:00:00', '2019-08-17 12:00:00'),
('mtunstalld', 'UGxvehJtJ0', 'Mason', 'Tunstall', '2010-12-09', 'Student', 'Accepted', '586 906 2318', 'mtunstalld@aboutads.info', '3ο Γυμνάσιο Αμαρουσίου', '2020-11-11 12:00:00', '2020-11-11 12:00:00'),
('sspurriere', 'QdGRnmu', 'Salvador', 'Spurrier', '2011-01-09', 'Student', 'Accepted', '679 658 9428', 'sspurriere@ed.gov', '3ο Γυμνάσιο Αμαρουσίου', '2021-04-09 12:00:00', '2021-04-09 12:00:00'),
('sbackf','vaQHs23RdZMd','Samuele','Back','2011-09-02','Student','Accepted','994 998 0830','sbackf@mapquest.com','3ο Γυμνάσιο Αμαρουσίου','2019-05-14 12:00:00','2019-05-14 12:00:00'),
('rmcsarryg','Ae2Y85OOQ','Rowland','Mcsarry','2011-09-03','Student','Accepted','233 541 7197','rmcsarryg@clickbank.net','3ο Γυμνάσιο Αμαρουσίου','2021-03-12 12:00:00','2021-03-12 12:00:00'),
('gbrownseyh','gSJafol7v','Gerri','Brownsey','2011-09-04','Student','Accepted','686 405 9492','gbrownseyh@studiopress.com','3ο Γυμνάσιο Αμαρουσίου','2019-01-07 12:00:00','2019-01-07 12:00:00'),
('wbeastalli','iVjwZblTI','Weider','Beastall','2010-09-11','Student','Accepted','946 524 8871','wbeastalli@networksolutions.com','3ο Γυμνάσιο Αμαρουσίου','2020-12-04 12:00:00','2020-12-04 12:00:00'),
('dsolonj','Ox4GkTMpPkv','Dawn','Solon','2010-09-12','Student','Accepted','499 581 6442','dsolonj@nhs.uk','3ο Γυμνάσιο Αμαρουσίου','2021-02-01 12:00:00','2021-02-01 12:00:00'),
('mronischk','CH6M2tuYIzRk','Marlo','Ronisch','1980-05-12','Teacher','Accepted','410 436 6479','mronischk@deviantart.com','3ο Γυμνάσιο Αμαρουσίου','2021-09-02 12:00:00','2021-09-02 12:00:00'),
('rmoffl','m2cuTE','Regan','Moff','1978-05-01','Teacher','Accepted','264 576 2166','rmoffl@tinyurl.com','3ο Γυμνάσιο Αμαρουσίου','2019-07-30 12:00:00','2019-07-30 12:00:00'),
('gmaricm','4DhVzaA','Garwood','Maric','1976-05-12','Teacher','Accepted','205 428 6012','gmaricm@mapquest.com','3ο Γυμνάσιο Αμαρουσίου','2020-04-26 12:00:00','2020-04-26 12:00:00'),
('gmacgalln','sR2PTQO6bm','Gigi','MacGall','1974-05-04','Teacher','Accepted','523 425 6998','gmacgalln@washingtonpost.com','3ο Γυμνάσιο Αμαρουσίου','2019-04-30 12:00:00','2019-04-30 12:00:00'),
('vklugelo','mqn5wdhxFIP','Virginia','Klugel','1972-06-04','Teacher','Accepted','540 415 9893','vklugelo@ezinearticles.com','3ο Γυμνάσιο Αμαρουσίου','2019-12-20 12:00:00','2019-12-20 12:00:00'),
('jimkontos','jimkontos','Δημήτρης','Κοντός','1970-06-16','Teacher','Accepted','225 451 6595','jim@kontos.com','3ο Γυμνάσιο Αμαρουσίου','2020-01-01 12:00:00','2020-01-01 12:00:00'),
('goergemasouras','goergemasouras','Γιώργος','Μασούρας','1968-06-27','Admin','Accepted','234 452 8348','geoerge@masouras.com','3ο Γυμνάσιο Αμαρουσίου','2020-01-01 12:00:00','2020-01-01 12:00:00'),
('ncotman0','raTXctsjypa','Nicola','Cotman','2010-01-09','Student','Accepted','860 957 2614','ncotman0@businessinsider.com','1ο Λύκειο Καλλιθέας','2019-08-08 12:00:00','2019-08-08 12:00:00'),
('yflaherty1','lJiazLjg','Yuri','Flaherty','2010-01-10','Student','Accepted','435 821 8383','yflaherty1@timesonline.co.uk','1ο Λύκειο Καλλιθέας','2020-02-02 12:00:00','2020-02-02 12:00:00'),
('dstark2','9YVP8ag','Dicky','Stark','2010-01-11','Student','Accepted','884 237 2939','dstark2@scribd.com','1ο Λύκειο Καλλιθέας','2019-07-11 12:00:00','2019-07-11 12:00:00'),
('agriffin3','Oy1P39Ltzd','Avivah','Griffin','2010-02-09','Student','Accepted','260 463 8922','agriffin3@upenn.edu','1ο Λύκειο Καλλιθέας','2020-01-01 12:00:00','2020-01-01 12:00:00'),
('ecastaignet4', 'lILiYvB', 'Elisabet', 'Castaignet', '2010-09-03', 'Student', 'Accepted', '990 518 0366', 'ecastaignet4@oracle.com', '1ο Λύκειο Καλλιθέας', '2019-10-29 12:00:00', '2019-10-29 12:00:00'),
('kcodd5', '3okD6A', 'Karney', 'Codd', '2010-09-04', 'Student', 'Accepted', '927 569 4317', 'kcodd5@bloomberg.com', '1ο Λύκειο Καλλιθέας', '2019-01-19 12:00:00', '2019-01-19 12:00:00'),
('ascales6', 'zU6u7JPALuOv', 'Adriena', 'Scales', '2010-09-05', 'Student', 'Accepted', '549 728 2966', 'ascales6@taobao.com', '1ο Λύκειο Καλλιθέας', '2019-12-15 12:00:00', '2019-12-15 12:00:00'),
('kbosnell7', 'C5g99nl3vDD7', 'Kara', 'Bosnell', '2010-09-06', 'Student', 'Accepted', '520 958 5621', 'kbosnell7@clickbank.net', '1ο Λύκειο Καλλιθέας', '2020-03-31 12:00:00', '2020-03-31 12:00:00'),
('fbardwall8', 'vFk7eDJ5NLqz', 'Flory', 'Bardwall', '2010-09-07', 'Student', 'Accepted', '505 394 6346', 'fbardwall8@macromedia.com', '1ο Λύκειο Καλλιθέας', '2020-02-28 12:00:00', '2020-02-28 12:00:00'),
('dcattermoul9', 'fegYqJ', 'Danita', 'Cattermoul', '2010-09-08', 'Student', 'Accepted', '233 542 8073', 'dcattermoul9@sourceforge.net', '1ο Λύκειο Καλλιθέας', '2019-12-06 12:00:00', '2019-12-06 12:00:00'),
('echaudrona', 'iWDSOBh3hX', 'Elisa', 'Chaudron', '2010-09-09', 'Student', 'Accepted', '877 913 7951', 'echaudrona@blogs.com', '1ο Λύκειο Καλλιθέας', '2021-08-14 12:00:00', '2021-08-14 12:00:00'),
('tpenwrightb', '2P6WOSTA2JRQ', 'Trisha', 'Penwright', '2010-09-10', 'Student', 'Accepted', '146 429 3317', 'tpenwrightb@cbsnews.com', '1ο Λύκειο Καλλιθέας', '2019-05-20 12:00:00', '2019-05-20 12:00:00'),
('blopesc', '1hoijWSiO', 'Brina', 'Lopes', '2010-09-11', 'Student', 'Accepted', '626 238 9762', 'blopesc@miibeian.gov.cn', '1ο Λύκειο Καλλιθέας', '2020-12-07 12:00:00', '2020-12-07 12:00:00'),
('jantonomoliid', 'S3pv9CP', 'Janina', 'Antonomolii', '2010-09-12', 'Student', 'Accepted', '226 288 4183', 'jantonomoliid@hugedomains.com', '1ο Λύκειο Καλλιθέας', '2019-09-08 12:00:00', '2019-09-08 12:00:00'),
('jsindalle', 'WWAkLtsrFzG', 'Jonie', 'Sindall', '2011-01-09', 'Student', 'Accepted', '131 119 5507', 'jsindalle@ustream.tv', '1ο Λύκειο Καλλιθέας', '2020-04-11 12:00:00', '2020-04-11 12:00:00'),
('hgirodinf', 'q1Bik0', 'Hyacinthia', 'Girodin', '2011-02-09', 'Student', 'Accepted', '778 312 2739', 'hgirodinf@mtv.com', '1ο Λύκειο Καλλιθέας', '2019-11-08 12:00:00', '2019-11-08 12:00:00'),
('lwallasg', 'TkfeNy86a', 'Lindsey', 'Wallas', '2011-03-09', 'Student', 'Accepted', '803 386 8397', 'lwallasg@godaddy.com', '1ο Λύκειο Καλλιθέας', '2020-05-11 12:00:00', '2020-05-11 12:00:00'),
('nuffh', '4vnrXo', 'Nicoline', 'Uff', '2011-04-09', 'Student', 'Accepted', '540 489 7736', 'nuffh@netscape.com', '1ο Λύκειο Καλλιθέας', '2020-01-04 12:00:00', '2020-01-04 12:00:00'),
('bfifooti', 'wrNHA7pGlb7R', 'Barbey', 'Fifoot', '2010-11-09', 'Student', 'Accepted', '926 555 1848', 'bfifooti@google.ca', '1ο Λύκειο Καλλιθέας', '2021-01-08 12:00:00', '2021-01-08 12:00:00'),
('jdawidowskyj', 'fHicpi', 'Johnath', 'Dawidowsky', '2010-12-09', 'Student', 'Accepted', '494 908 2198', 'jdawidowskyj@google.co.uk', '1ο Λύκειο Καλλιθέας', '2021-10-09 12:00:00', '2021-10-09 12:00:00'),
('olebbernk', 'ngq7bWOm', 'Ode', 'Lebbern', '1980-05-12', 'Teacher', 'Accepted', '536 823 1012', 'olebbernk@addthis.com', '1ο Λύκειο Καλλιθέας', '2020-04-04 12:00:00', '2020-04-04 12:00:00'),
('bflettl', 'ys9pF0rUId6', 'Bibbie', 'Flett', '1978-05-01', 'Teacher', 'Accepted', '875 620 1349', 'bflettl@apache.org', '1ο Λύκειο Καλλιθέας', '2021-06-25 12:00:00', '2021-06-25 12:00:00'),
('rgeffcockm', 'RsGVRPUp', 'Reynolds', 'Geffcock', '1976-05-12', 'Teacher', 'Accepted', '979 676 3208', 'rgeffcockm@eventbrite.com', '1ο Λύκειο Καλλιθέας', '2021-12-04 12:00:00', '2021-12-04 12:00:00'),
('screwdsonn', '1dOvoW', 'Sheffie', 'Crewdson', '1974-05-02', 'Teacher', 'Accepted', '912 742 9094', 'screwdsonn@infoseek.co.jp', '1ο Λύκειο Καλλιθέας', '2021-12-09 12:00:00', '2021-12-09 12:00:00'),
('rheareo', 'XPrOnQ', 'Rees', 'Heare', '1972-06-04', 'Teacher', 'Accepted', '532 668 8846', 'rheareo@gravatar.com', '1ο Λύκειο Καλλιθέας', '2021-02-12 12:00:00', '2021-02-12 12:00:00'),
('billspanoulis', 'billspanoulis', 'Βασίλης', 'Σπανούλης', '1980-05-12', 'Teacher', 'Accepted', '321 451 4356', 'bill@spanoulis.com', '1ο Λύκειο Καλλιθέας', '2020-01-01 12:00:00', '2020-01-01 12:00:00'),
('billsourlis', 'billsourlis', 'Βασίλειος', 'Σούρλης', '1978-05-01', 'Admin', 'Accepted', '224 492 8008', 'bill@sourlis.com', '1ο Λύκειο Καλλιθέας', '2020-01-01 12:00:00', '2020-01-01 12:00:00'),
('cgallemore0', 'aExiyun5SYJ', 'Cooper', 'Gallemore', '2010-01-09', 'Student', 'Accepted', '398 421 1012', 'cgallemore0@answers.com', '2ο Λύκειο Ζωγράφου', '2020-04-06 12:00:00', '2020-04-06 12:00:00'),
('ofleote1', '0qX0BG64', 'Olly', 'Fleote', '2010-01-10', 'Student', 'Accepted', '245 525 6338', 'ofleote1@dailymail.co.uk', '2ο Λύκειο Ζωγράφου', '2019-09-20 12:00:00', '2019-09-20 12:00:00'),
('wtrevorrow2', 'WMyk6kU', 'Worden', 'Trevorrow', '2010-01-11', 'Student', 'Accepted', '118 461 6801', 'wtrevorrow2@skyrock.com', '2ο Λύκειο Ζωγράφου', '2021-11-02 12:00:00', '2021-11-02 12:00:00'),
('eingall3', 'NNY9VgwyUwjK', 'Eula', 'Ingall', '2010-02-09', 'Student', 'Accepted', '812 182 2179', 'eingall3@usgs.gov', '2ο Λύκειο Ζωγράφου', '2019-01-23 12:00:00', '2019-01-23 12:00:00'),
('wbamford4', 'QWTMUTn7', 'Westbrook', 'Bamford', '2010-03-09', 'Student', 'Accepted', '222 536 0137', 'wbamford4@senate.gov', '2ο Λύκειο Ζωγράφου', '2021-12-23 12:00:00', '2021-12-23 12:00:00'),
('nhattiff5', 'ZZlMvotaN3id', 'Natalya', 'Hattiff', '2010-04-09', 'Student', 'Accepted', '258 652 2826', 'nhattiff5@printfriendly.com', '2ο Λύκειο Ζωγράφου', '2021-06-26 12:00:00', '2021-06-26 12:00:00'),
('fkippie6', '0X5k3nXE', 'Franciska', 'Kippie', '2010-05-09', 'Student', 'Accepted', '438 808 9399', 'fkippie6@google.fr', '2ο Λύκειο Ζωγράφου', '2019-01-30 12:00:00', '2019-01-30 12:00:00'),
('estanner7', '606etiNcxBk', 'Esme', 'Stanner', '2010-06-09', 'Student', 'Accepted', '958 999 0964', 'estanner7@home.pl', '2ο Λύκειο Ζωγράφου', '2021-09-23 12:00:00', '2021-09-23 12:00:00'),
('srandalston8', 'OfV1Syq', 'Suzanna', 'Randalston', '2010-07-09', 'Student', 'Accepted', '786 203 2904', 'srandalston8@dailymail.co.uk', '2ο Λύκειο Ζωγράφου', '2021-12-10 12:00:00', '2021-12-10 12:00:00'),
('hrogez9', 'elAPVyJ', 'Hatti', 'Rogez', '2010-08-09', 'Student', 'Accepted', '170 511 4907', 'hrogez9@earthlink.net', '2ο Λύκειο Ζωγράφου', '2019-05-07 12:00:00', '2019-05-07 12:00:00'),
('mwilflinga', 'YfuJKqI', 'Marice', 'Wilfling', '2010-09-09', 'Student', 'Accepted', '432 608 7564', 'mwilflinga@moonfruit.com', '2ο Λύκειο Ζωγράφου', '2019-04-24 12:00:00', '2019-04-24 12:00:00'),
('dhackeltonb', '8lImVFHg', 'Dall', 'Hackelton', '2010-10-09', 'Student', 'Accepted', '528 702 8294', 'dhackeltonb@geocities.jp', '2ο Λύκειο Ζωγράφου', '2019-08-26 12:00:00', '2019-08-26 12:00:00'),
('llambellc', 'h1WomvS8J0m', 'Loria', 'Lambell', '2010-11-09', 'Student', 'Accepted', '492 778 7139', 'llambellc@blogger.com', '2ο Λύκειο Ζωγράφου', '2021-11-23 12:00:00', '2021-11-23 12:00:00'),
('mledrund', 'yhI2hHlNhcn', 'Melloney', 'Ledrun', '2010-12-09', 'Student', 'Accepted', '854 447 9138', 'mledrund@sun.com', '2ο Λύκειο Ζωγράφου', '2019-05-26 12:00:00', '2019-05-26 12:00:00'),
('jitzhake', 'pfTmK26mhhQ', 'Jaquelyn', 'Itzhak', '2011-01-09', 'Student', 'Accepted', '759 133 5427', 'jitzhake@vistaprint.com', '2ο Λύκειο Ζωγράφου', '2019-07-28 12:00:00', '2019-07-28 12:00:00'),
('bharesnapef', 'NVHgEgy8qdYY', 'Belinda', 'Haresnape', '2011-02-09', 'Student', 'Accepted', '925 417 2034', 'bharesnapef@issuu.com', '2ο Λύκειο Ζωγράφου', '2019-01-19 12:00:00', '2019-01-19 12:00:00'),
('mbeyng', 'JNf2tEp5', 'Marline', 'Beyn', '2011-03-09', 'Student', 'Accepted', '807 469 8834', 'mbeyng@merriam-webster.com', '2ο Λύκειο Ζωγράφου', '2021-02-02 12:00:00', '2021-02-02 12:00:00'),
('rcammockeh', '6p9wW3', 'Rianon', 'Cammocke', '2011-04-09', 'Student', 'Accepted', '497 575 7910', 'rcammockeh@rediff.com', '2ο Λύκειο Ζωγράφου', '2019-07-24 12:00:00', '2019-07-24 12:00:00'),
('ggyngylli', 'EsgjiPP', 'Gnni', 'Gyngyll', '2010-11-09', 'Student', 'Accepted', '332 291 6616', 'ggyngylli@nyu.edu', '2ο Λύκειο Ζωγράφου', '2021-12-09 12:00:00', '2021-12-09 12:00:00'),
('bjocelynj', 'UBLgZpPtPX70', 'Brnaby', 'Jocelyn', '2010-12-09', 'Student', 'Accepted', '174 764 6797', 'bjocelynj@army.mil', '2ο Λύκειο Ζωγράφου', '2019-04-01 12:00:00', '2019-04-01 12:00:00'),
('rmelatok', '8xqz3B', 'Raychel', 'Melato', '1978-05-01', 'Teacher', 'Accepted', '593 783 8297', 'rmelatok@reddit.com', '2ο Λύκειο Ζωγράφου', '2021-11-19 12:00:00', '2021-11-19 12:00:00'),
('kswansburyl', '0htD2E5', 'Kaye', 'Swansbury', '1976-05-12', 'Teacher', 'Accepted', '902 823 9205', 'kswansburyl@dailymail.co.uk', '2ο Λύκειο Ζωγράφου', '2019-02-22 12:00:00', '2019-02-22 12:00:00'),
('sploughwrightm', 'fPPhMF2dmk', 'Sean', 'Ploughwright', '1974-05-02', 'Teacher', 'Accepted', '888 708 5660', 'sploughwrightm@youtube.com', '2ο Λύκειο Ζωγράφου', '2021-12-19 12:00:00', '2021-12-19 12:00:00'),
('klerwelln', 'p2MENHl', 'Kally', 'Lerwell', '1972-06-04', 'Teacher', 'Accepted', '395 733 8403', 'klerwelln@imageshack.us', '2ο Λύκειο Ζωγράφου', '2021-03-21 12:00:00', '2021-03-21 12:00:00'),
('pcircuitto', '6alEl51n', 'Pete', 'Circuitt', '1980-05-12', 'Teacher', 'Accepted', '756 489 7547', 'pcircuitto@topsy.com', '2ο Λύκειο Ζωγράφου', '2020-05-01 12:00:00', '2020-05-01 12:00:00'),
('glaren', 'glaren', 'Γιαννούλης', 'Λαρετζάκης', '1978-05-01', 'Teacher', 'Accepted', '021 451 4316', 'g@laren.com', '2ο Λύκειο Ζωγράφου', '2020-01-01 12:00:00', '2020-01-01 12:00:00'),
('spapast', 'spapast', 'Σωκράτης', 'Παπασταθόπουλος', '1970-05-12', 'Admin', 'Accepted', '224 422 0808', 'sok@papast.com', '2ο Λύκειο Ζωγράφου', '2020-01-01 12:00:00', '2020-01-01 12:00:00'),
('sbrosh0', 'dUJaf52SE', 'Shane', 'Brosh', '2010-01-09', 'Student', 'Accepted', '200 855 0906', 'sbrosh0@seesaa.net', 'Γενικό Λύκειο Φιλοθέης', '2019-03-21 12:00:00', '2019-03-21 12:00:00'),
('sberr1', 'iJJi2Soc', 'Shay', 'Berr', '2010-01-10', 'Student', 'Accepted', '667 568 7135', 'sberr1@slideshare.net', 'Γενικό Λύκειο Φιλοθέης', '2021-06-10 12:00:00', '2021-06-10 12:00:00'),
('vbailess2', '3A8oqgjNLfr', 'Valentin', 'Bailess', '2010-01-11', 'Student', 'Accepted', '866 817 1547', 'vbailess2@sphinn.com', 'Γενικό Λύκειο Φιλοθέης', '2019-10-26 12:00:00', '2019-10-26 12:00:00'),
('ctrime3', 'AeGblnfBy39', 'Curry', 'Trime', '2010-02-09', 'Student', 'Accepted', '463 316 5643', 'ctrime3@shutterfly.com', 'Γενικό Λύκειο Φιλοθέης', '2020-05-03 12:00:00', '2020-05-03 12:00:00'),
('jdormand4', 'i88Mc4', 'Jeanie', 'Dormand', '2010-03-09', 'Student', 'Accepted', '456 295 9392', 'jdormand4@yale.edu', 'Γενικό Λύκειο Φιλοθέης', '2021-01-24 12:00:00', '2021-01-24 12:00:00'),
('pbresman5', '6vTBbTS', 'Phyllys', 'Bresman', '2010-04-09', 'Student', 'Accepted', '356 925 1497', 'pbresman5@livejournal.com', 'Γενικό Λύκειο Φιλοθέης', '2021-05-13 12:00:00', '2021-05-13 12:00:00'),
('gcraigg6', 'nKpzxO', 'Gill', 'Craigg', '2010-05-09', 'Student', 'Accepted', '982 617 0160', 'gcraigg6@geocities.com', 'Γενικό Λύκειο Φιλοθέης', '2019-06-14 12:00:00', '2019-06-14 12:00:00'),
('filson7', 's6N6K4tcK', 'Freemon', 'Ilson', '2010-06-09', 'Student', 'Accepted', '876 631 9944', 'filson7@samsung.com', 'Γενικό Λύκειο Φιλοθέης', '2019-09-19 12:00:00', '2019-09-19 12:00:00'),
('mjimson8', 'mYTClp0RSx', 'Melli', 'Jimson', '2010-07-09', 'Student', 'Accepted', '991 869 5939', 'mjimson8@list-manage.com', 'Γενικό Λύκειο Φιλοθέης', '2020-01-15 12:00:00', '2020-01-15 12:00:00'),
('obroxholme9', 'S80raZqeV', 'Oralla', 'Broxholme', '2010-08-09', 'Student', 'Accepted', '451 984 9063', 'obroxholme9@who.int', 'Γενικό Λύκειο Φιλοθέης', '2020-11-29 12:00:00', '2020-11-29 12:00:00'),
('ariggeya', 'dZ3OGB9ou2U', 'Anatole', 'Riggey', '2010-09-09', 'Student', 'Accepted', '363 101 3396', 'ariggeya@ox.ac.uk', 'Γενικό Λύκειο Φιλοθέης', '2020-11-26 12:00:00', '2020-11-26 12:00:00'),
('pardenb', 'nPCN0g', 'Patti', 'Arden', '2010-10-09', 'Student', 'Accepted', '265 932 6253', 'pardenb@domainmarket.com', 'Γενικό Λύκειο Φιλοθέης', '2019-02-10 12:00:00', '2019-02-10 12:00:00'),
('lsimonellic', 'yBN9KV', 'Lynnea', 'Simonelli', '2010-11-09', 'Student', 'Accepted', '138 219 3468', 'lsimonellic@wordpress.com', 'Γενικό Λύκειο Φιλοθέης', '2019-06-16 12:00:00', '2019-06-16 12:00:00'),
('mmcmanamand', '9A06d4qU', 'Maisey', 'Mcmanaman', '2010-12-09', 'Student', 'Accepted', '767 656 8387', 'mmcmanamand@hibu.com', 'Γενικό Λύκειο Φιλοθέης', '2021-04-15 12:00:00', '2021-04-15 12:00:00'),
('wrounsefelle', '7iINe9BS', 'Wain', 'Rounsefell', '2011-01-09', 'Student', 'Accepted', '590 164 3895', 'wrounsefelle@eventbrite.com', 'Γενικό Λύκειο Φιλοθέης', '2021-06-07 12:00:00', '2021-06-07 12:00:00'),
('gwombwellf', 'ZHqTz9', 'Gabby', 'Wombwell', '2011-02-09', 'Student', 'Accepted', '341 575 3442', 'gwombwellf@sciencedirect.com', 'Γενικό Λύκειο Φιλοθέης', '2021-06-17 12:00:00', '2021-06-17 12:00:00'),
('mrosenbushg', 'k3aE4tCq', 'Maxy', 'Rosenbush', '2011-03-09', 'Student', 'Accepted', '865 380 7364', 'mrosenbushg@loc.gov', 'Γενικό Λύκειο Φιλοθέης', '2021-04-07 12:00:00', '2021-04-07 12:00:00'),
('hstemph', '5OuKT2uvfa', 'Hillie', 'Stemp', '2011-04-09', 'Student', 'Accepted', '129 704 4144', 'hstemph@eepurl.com', 'Γενικό Λύκειο Φιλοθέης', '2019-03-16 12:00:00', '2019-03-16 12:00:00'),
('laveryi', 'rGTJWb48LDBK', 'Lidia', 'Avery', '2010-11-09', 'Student', 'Accepted', '458 771 3255', 'laveryi@tuttocitta.it', 'Γενικό Λύκειο Φιλοθέης', '2019-08-11 12:00:00', '2019-08-11 12:00:00'),
('obalhamj', 't3hsVrFk', 'Odelinda', 'Balham', '2010-12-09', 'Student', 'Accepted', '205 812 9259', 'obalhamj@t-online.de', 'Γενικό Λύκειο Φιλοθέης', '2020-02-04 12:00:00', '2020-02-04 12:00:00'),
('hfollisk', 'OZ6wPkoAyk', 'Hervey', 'Follis', '2010-12-09', 'Student', 'Accepted', '256 160 0080', 'hfollisk@upenn.edu', 'Γενικό Λύκειο Φιλοθέης', '2021-08-02 12:00:00', '2021-08-02 12:00:00'),
('mgallagherl', 'UFuu2GrbWU', 'Marlin', 'Gallagher', '1988-05-01', 'Teacher', 'Accepted', '540 292 6229', 'mgallagherl@youku.com', 'Γενικό Λύκειο Φιλοθέης', '2021-11-19 12:00:00', '2021-11-19 12:00:00'),
('hrobloum', 'U9qkQ25', 'Hermy', 'Roblou', '1986-05-12', 'Teacher', 'Accepted', '445 908 3891', 'hrobloum@state.tx.us', 'Γενικό Λύκειο Φιλοθέης', '2019-04-09 12:00:00', '2019-04-09 12:00:00'),
('vholmyardn', 'b6vByM', 'Vinita', 'Holmyard', '1984-05-04', 'Teacher', 'Accepted', '725 408 9078', 'vholmyardn@techcrunch.com', 'Γενικό Λύκειο Φιλοθέης', '2019-02-08 12:00:00', '2019-02-08 12:00:00'),
('bmcadamo', '6n9OSZyOoLL', 'Bert', 'McAdam', '1972-06-04', 'Teacher', 'Accepted', '309 659 6505', 'bmcadamo@t-online.de', 'Γενικό Λύκειο Φιλοθέης', '2021-05-13 12:00:00', '2021-05-13 12:00:00'),
('kostaspapan', 'kostaspapan', 'Κωνσταντίνος', 'Παπανικολάου', '1980-05-12', 'Teacher', 'Accepted', '000 451 4316', 'kostas@papanikolaou.com', 'Γενικό Λύκειο Φιλοθέης', '2020-01-01 12:00:00', '2020-01-01 12:00:00'),
('panagretsos', 'panagretsos', 'Παναγιώτης', 'Ρέτσος', '1978-05-01', 'Admin', 'Accepted', '200 422 0808', 'panag@retsos.com', 'Γενικό Λύκειο Φιλοθέης', '2020-01-01 12:00:00', '2020-01-01 12:00:00'),
('kiacobini0', 'QSuIvPWZ', 'Krishnah', 'Iacobini', '2010-01-09', 'Student', 'Accepted', '479 622 6583', 'kiacobini0@theatlantic.com', '4ο Λύκειο Θεσσαλονίκης', '2020-04-08 12:00:00', '2020-04-08 12:00:00'),
('agartrell1', 'u5VeLP', 'Astrid', 'Gartrell', '2010-01-10', 'Student', 'Accepted', '733 804 3871', 'agartrell1@walmart.com', '4ο Λύκειο Θεσσαλονίκης', '2021-12-12 12:00:00', '2021-12-12 12:00:00'),
('anolder2', 'syAMUF', 'Ash', 'Nolder', '2010-01-11', 'Student', 'Accepted', '160 513 2965', 'anolder2@fema.gov', '4ο Λύκειο Θεσσαλονίκης', '2019-11-25 12:00:00', '2019-11-25 12:00:00'),
('goxenford3', 'kRP7iXc0Og', 'Graig', 'Oxenford', '2010-02-09', 'Student', 'Accepted', '864 323 8808', 'goxenford3@odnoklassniki.ru', '4ο Λύκειο Θεσσαλονίκης', '2019-12-25 12:00:00', '2019-12-25 12:00:00'),
('bfreyne4', 'rysVGMIDdM', 'Blondelle', 'Freyne', '2010-03-09', 'Student', 'Accepted', '811 815 0792', 'bfreyne4@npr.org', '4ο Λύκειο Θεσσαλονίκης', '2020-01-21 12:00:00', '2020-01-21 12:00:00'),
('achatres5', '3KgKIa3hF', 'Auguste', 'Chatres', '2010-04-09', 'Student', 'Accepted', '755 366 5881', 'achatres5@toplist.cz', '4ο Λύκειο Θεσσαλονίκης', '2019-01-11 12:00:00', '2019-01-11 12:00:00'),
('cguiden6', 'J7SWqBjROo', 'Constantina', 'Guiden', '2010-05-09', 'Student', 'Accepted', '793 261 5935', 'cguiden6@nifty.com', '4ο Λύκειο Θεσσαλονίκης', '2019-01-30', '2019-01-30'),
('fbaselli7', 'xftW0Hrd', 'Fred', 'Baselli', '2010-06-09', 'Student', 'Accepted', '926 169 1282', 'fbaselli7@ucoz.com', '4ο Λύκειο Θεσσαλονίκης', '2020-02-04', '2020-02-04'),
('cforde8', 'CHuTXmbyY1', 'Corny', 'Forde', '2010-07-09', 'Student', 'Accepted', '180 486 1605', 'cforde8@ucsd.edu', '4ο Λύκειο Θεσσαλονίκης', '2019-02-03', '2019-02-03'),
('eeagland9', 'FFQ8tZD', 'Edie', 'Eagland', '2010-08-09', 'Student', 'Accepted', '343 383 0111', 'eeagland9@amazon.com', '4ο Λύκειο Θεσσαλονίκης', '2020-12-13', '2020-12-13'),
('cwitherdena', 'YAPVaf4z', 'Clemente', 'Witherden', '2010-09-09', 'Student', 'Accepted', '137 592 1577', 'cwitherdena@senate.gov', '4ο Λύκειο Θεσσαλονίκης', '2020-12-08', '2020-12-08'),
('vmosbyb', 'Zp41gI', 'Vite', 'Mosby', '2010-10-09', 'Student', 'Accepted', '428 590 4200', 'vmosbyb@ameblo.jp', '4ο Λύκειο Θεσσαλονίκης', '2020-12-11', '2020-12-11'),
('abottc', 'ssrjBS', 'Alain', 'Bott', '2010-11-09', 'Student', 'Accepted', '488 158 2609', 'abottc@furl.net', '4ο Λύκειο Θεσσαλονίκης', '2021-07-14', '2021-07-14'),
('bmoscod', 'GlaOdup', 'Britney', 'Mosco', '2010-12-09', 'Student', 'Accepted', '864 597 1735', 'bmoscod@usda.gov', '4ο Λύκειο Θεσσαλονίκης', '2019-08-08', '2019-08-08'),
('pcoylee', 'kIQEAjfgU4Pb', 'Patsy', 'Coyle', '2011-01-09', 'Student', 'Accepted', '802 234 9878', 'pcoylee@g.co', '4ο Λύκειο Θεσσαλονίκης', '2019-01-29', '2019-01-29'),
('tshearerf', 'DY02fjLWDsE', 'Tedmund', 'Shearer', '2011-02-09', 'Student', 'Accepted', '458 598 9028', 'tshearerf@creativecommons.org', '4ο Λύκειο Θεσσαλονίκης', '2021-04-25', '2021-04-25'),
('dsuttellg', 'WiIvX6VwCb', 'Dawn', 'Suttell', '2011-03-09', 'Student', 'Accepted', '877 963 3791', 'dsuttellg@tuttocitta.it', '4ο Λύκειο Θεσσαλονίκης', '2021-01-18', '2021-01-18'),
('jthameh', '0ajKco', 'Janine', 'Thame', '2011-04-09', 'Student', 'Accepted', '861 787 2754', 'jthameh@senate.gov', '4ο Λύκειο Θεσσαλονίκης', '2019-09-02', '2019-09-02'),
('rshapcotti', '2oSjV1fwt', 'Roldan', 'Shapcott', '2010-11-09', 'Student', 'Accepted', '978 857 6745', 'rshapcotti@trellian.com', '4ο Λύκειο Θεσσαλονίκης', '2021-02-08', '2021-02-08'),
('rmulchronej', 'wu0RAgPPa', 'Robinetta', 'Mulchrone', '2010-12-09', 'Student', 'Accepted', '276 302 1546', 'rmulchronej@uol.com.br', '4ο Λύκειο Θεσσαλονίκης', '2021-03-16', '2021-03-16'),
('sadamok', 'xUXw1mi', 'Serene', 'Adamo', '2010-12-09', 'Student', 'Accepted', '866 805 0172', 'sadamok@redcross.org', '4ο Λύκειο Θεσσαλονίκης', '2021-06-15 00:00:00', '2021-06-15 00:00:00'),
('pgarrickl', 'Vrhd8w', 'Pauletta', 'Garrick', '1988-05-01', 'Teacher', 'Accepted', '740 427 9397', 'pgarrickl@ocn.ne.jp', '4ο Λύκειο Θεσσαλονίκης', '2020-04-28 00:00:00', '2020-04-28 00:00:00'),
('ibrichamm', 'lHsz3sofP', 'Ichabod', 'Bricham', '1986-05-12', 'Teacher', 'Accepted', '201 315 7411', 'ibrichamm@umn.edu', '4ο Λύκειο Θεσσαλονίκης', '2021-10-13 00:00:00', '2021-10-13 00:00:00'),
('khambletonn', 'kE2l2hsDaR', 'Kelcie', 'Hambleton', '1984-05-02', 'Teacher', 'Accepted', '412 301 4527', 'khambletonn@salon.com', '4ο Λύκειο Θεσσαλονίκης', '2020-03-14 00:00:00', '2020-03-14 00:00:00'),
('cinkpino', 'qREYqipH9p', 'Chryste', 'Inkpin', '1972-06-04', 'Teacher', 'Accepted', '975 464 2483', 'cinkpino@trellian.com', '4ο Λύκειο Θεσσαλονίκης', '2019-02-27 00:00:00', '2019-02-27 00:00:00'),
('goergeprint', 'goergeprint', 'Γιώργος', 'Πρίντεζης', '1980-05-12', 'Teacher', 'Accepted', '990 451 4316', 'goerge@printezis.com', '4ο Λύκειο Θεσσαλονίκης', '2020-01-01 00:00:00', '2020-01-01 00:00:00'),
('thanosandr', 'thanosandr', 'Αθανάσιος', 'Ανδρούτσος', '1978-05-01', 'Admin', 'Accepted', '000 422 0808', 'thanos@androutsos.com', '4ο Λύκειο Θεσσαλονίκης', '2020-01-01 00:00:00', '2020-01-01 00:00:00'),
('valfonsetti0', 'CtZqQwNlhj', 'Vidovik', 'Alfonsetti', '2010-01-09', 'Student', 'Accepted', '814 219 5734', 'valfonsetti0@oracle.com', '5ο Λύκειο Πάτρας', '2021-05-14 00:00:00', '2021-05-14 00:00:00'),
('hbootman1', 'zLR2tW6jFKa', 'Hedwig', 'Bootman', '2010-01-10', 'Student', 'Accepted', '503 344 4937', 'hbootman1@mozilla.com', '5ο Λύκειο Πάτρας', '2019-09-19 00:00:00', '2019-09-19 00:00:00'),
('jbuesden2', 'iJZbqkuS', 'Joaquin', 'Buesden', '2010-01-11', 'Student', 'Accepted', '675 430 9090', 'jbuesden2@soundcloud.com', '5ο Λύκειο Πάτρας', '2019-07-03 00:00:00', '2019-07-03 00:00:00'),
('kpahlsson3', 'GJKtpNkrKuF', 'Kristyn', 'Pahlsson', '2010-02-09', 'Student', 'Accepted', '721 403 3459', 'kpahlsson3@buzzfeed.com', '5ο Λύκειο Πάτρας', '2021-10-26 00:00:00', '2021-10-26 00:00:00'),
('egantzman4', 'isVpzwdM1yl', 'Eberhard', 'Gantzman', '2010-03-09', 'Student', 'Accepted', '463 259 5654', 'egantzman4@symantec.com', '5ο Λύκειο Πάτρας', '2019-05-03 00:00:00', '2019-05-03 00:00:00'),
('lmeader5', 'omJouq4d', 'Lev', 'Meader', '2010-04-09', 'Student', 'Accepted', '721 215 2518', 'lmeader5@gravatar.com', '5ο Λύκειο Πάτρας', '2019-12-28 00:00:00', '2019-12-28 00:00:00'),
('bbirtwell6', 'kdKw1P', 'Brana', 'Birtwell', '2010-05-09', 'Student', 'Accepted', '862 669 3834', 'bbirtwell6@exblog.jp', '5ο Λύκειο Πάτρας', '2021-02-28 00:00:00', '2021-02-28 00:00:00'),
('mwilmore7', 'qbgbxziGX1bd', 'Manon', 'Wilmore', '2010-06-09', 'Student', 'Accepted', '991 453 5701', 'mwilmore7@flickr.com', '5ο Λύκειο Πάτρας', '2021-09-18 00:00:00', '2021-09-18 00:00:00'),
('dsnalom8', 'CWEUuIuJQQ', 'Darline', 'Snalom', '2010-07-09', 'Student', 'Accepted', '882 689 2000', 'dsnalom8@livejournal.com', '5ο Λύκειο Πάτρας', '2020-05-21 00:00:00', '2020-05-21 00:00:00'),
('lmattek9', 'nNKlsfgXmy83', 'Leo', 'Mattek', '2010-08-09', 'Student', 'Accepted', '665 262 2540', 'lmattek9@yandex.ru', '5ο Λύκειο Πάτρας', '2020-03-31 00:00:00', '2020-03-31 00:00:00'),
('wsignea', 'PRHvv4XK', 'Walker', 'Signe', '2010-09-09', 'Student', 'Accepted', '132 835 3748', 'wsignea@sun.com', '5ο Λύκειο Πάτρας', '2021-09-14 12:00:00', '2021-09-14 12:00:00'),
('hbolderob', 'nygVMCe', 'Hamlen', 'Boldero', '2010-10-09', 'Student', 'Accepted', '914 199 5370', 'hbolderob@google.pl', '5ο Λύκειο Πάτρας', '2019-04-28 12:00:00', '2019-04-28 12:00:00'),
('atuillerc', '28wtrYag', 'Amelina', 'Tuiller', '2010-11-09', 'Student', 'Accepted', '990 214 1047', 'atuillerc@creativecommons.org', '5ο Λύκειο Πάτρας', '2019-01-03 12:00:00', '2019-01-03 12:00:00'),
('ssinnottd', 'YM7xcM', 'Simmonds', 'Sinnott', '2010-12-09', 'Student', 'Accepted', '978 338 1440', 'ssinnottd@livejournal.com', '5ο Λύκειο Πάτρας', '2019-07-24 12:00:00', '2019-07-24 12:00:00'),
('smcguinleye', 'XUDGjAyhvq0', 'Suzanna', 'McGuinley', '2011-01-09', 'Student', 'Accepted', '740 380 1132', 'smcguinleye@blogs.com', '5ο Λύκειο Πάτρας', '2020-12-24 12:00:00', '2020-12-24 12:00:00'),
('hsabbertonf', 'N8WZa4hp07', 'Hartley', 'Sabberton', '2011-02-09', 'Student', 'Accepted', '781 842 1451', 'hsabbertonf@hibu.com', '5ο Λύκειο Πάτρας', '2019-07-05 12:00:00', '2019-07-05 12:00:00'),
('dmackelleng', 'EnqBpmuJ0', 'Dimitry', 'MacKellen', '2011-03-09', 'Student', 'Accepted', '942 636 9342', 'dmackelleng@globo.com', '5ο Λύκειο Πάτρας', '2019-02-05 12:00:00', '2019-02-05 12:00:00'),
('bfarndaleh', '3KyZCBkt', 'Bettina', 'Farndale', '2011-04-09', 'Student', 'Accepted', '588 475 9401', 'bfarndaleh@smh.com.au', '5ο Λύκειο Πάτρας', '2019-10-14 12:00:00', '2019-10-14 12:00:00'),
('sjacobii', 'kgJz1dCath0K', 'Sanders', 'Jacobi', '2010-11-09', 'Student', 'Accepted', '985 456 2891', 'sjacobii@nba.com', '5ο Λύκειο Πάτρας', '2021-11-24 12:00:00', '2021-11-24 12:00:00'),
('jleleuj', 'rrUi0oA', 'Jeane', 'Le Leu', '2010-12-09', 'Student', 'Accepted', '742 245 9171', 'jleleuj@nydailynews.com', '5ο Λύκειο Πάτρας', '2019-07-19 12:00:00', '2019-07-19 12:00:00'),
('rmccrostiek', 'l40Wk1yq8l', 'Rozanne', 'McCrostie', '2010-12-09', 'Student', 'Accepted', '165 542 6138', 'rmccrostiek@hud.gov', '5ο Λύκειο Πάτρας', '2021-05-02 12:00:00', '2021-05-02 12:00:00'),
('bmenloel', 'm2L0yIJ', 'Brietta', 'Menloe', '1988-05-01', 'Teacher', 'Accepted', '676 787 4603', 'bmenloel@harvard.edu', '5ο Λύκειο Πάτρας', '2020-01-24 12:00:00', '2020-01-24 12:00:00'),
('abywatersm', 'KtHuIUO5', 'Arther', 'Bywaters', '1986-05-12', 'Teacher', 'Accepted', '939 413 5522', 'abywatersm@marriott.com', '5ο Λύκειο Πάτρας', '2021-02-02 12:00:00', '2021-02-02 12:00:00'),
('mscoggansn', 'Vdef33tg', 'Milka', 'Scoggans', '1984-05-04', 'Teacher', 'Accepted', '634 647 4785', 'mscoggansn@cnn.com', '5ο Λύκειο Πάτρας', '2021-01-05 12:00:00', '2021-01-05 12:00:00'),
('cbainbriggeo', 'iNFsDn7y6k', 'Cacilia', 'Bainbrigge', '1972-06-04', 'Teacher', 'Accepted', '146 878 6714', 'cbainbriggeo@abc.net.au', '5ο Λύκειο Πάτρας', '2019-07-25 12:00:00', '2019-07-25 12:00:00'),
('kostassloukas', 'kostassloukas', 'Κωνσταντίνος', 'Σλούκας', '1980-05-12', 'Teacher', 'Accepted', '009 451 4316', 'kostas@sloukas.com', '5ο Λύκειο Πάτρας', '2020-01-01 12:00:00', '2020-01-01 12:00:00'),
('alexpasx', 'alexpasx', 'Αλέξανδρος', 'Πασχαλάκης', '1978-05-01', 'Admin', 'Accepted', '060 422 0808', 'alex@pasxalakis.com', '5ο Λύκειο Πάτρας', '2020-01-01 12:00:00', '2020-01-01 12:00:00'),
('hsansam0', 'udE4JJlle', 'Hyman', 'Sansam', '2010-01-09', 'Student', 'Accepted', '322 677 4971', 'hsansam0@indiegogo.com', '6ο Λύκειο Ηρακλείου', '2019-05-21 12:00:00', '2019-05-21 12:00:00'),
('rsmedmoor1', 'crckoPAU', 'Rici', 'Smedmoor', '2010-01-10', 'Student', 'Accepted', '800 739 9315', 'rsmedmoor1@com.com', '6ο Λύκειο Ηρακλείου', '2021-07-15 12:00:00', '2021-07-15 12:00:00'),
('lokenfold2', 'wq4rvJO6', 'Lyssa', 'Okenfold', '2010-01-11', 'Student', 'Accepted', '967 216 9899', 'lokenfold2@java.com', '6ο Λύκειο Ηρακλείου', '2021-08-26 12:00:00', '2021-08-26 12:00:00'),
('lcaddick3', 'guFJLi', 'Lucilia', 'Caddick', '2010-02-09', 'Student', 'Accepted', '207 126 8121', 'lcaddick3@stanford.edu', '6ο Λύκειο Ηρακλείου', '2019-07-28 12:00:00', '2019-07-28 12:00:00'),
('llambell4', 'aqgcKhEIcR', 'Lorri', 'Lambell', '2010-03-09', 'Student', 'Accepted', '842 602 7760', 'llambell4@bbc.co.uk', '6ο Λύκειο Ηρακλείου', '2019-05-05 12:00:00', '2019-05-05 12:00:00'),
('rcool5', 'Zo4GttnU6q', 'Ruperta', 'Cool', '2010-04-09', 'Student', 'Accepted', '720 484 7282', 'rcool5@dion.ne.jp', '6ο Λύκειο Ηρακλείου', '2021-08-19 12:00:00', '2021-08-19 12:00:00'),
('kgrand6', 'ixyno7TG8psG', 'Kim', 'Grand', '2010-05-09', 'Student', 'Accepted', '735 815 3310', 'kgrand6@domainmarket.com', '6ο Λύκειο Ηρακλείου', '2019-11-04 12:00:00', '2019-11-04 12:00:00'),
('hdurante7', 'UcswZQssOlib', 'Hyacinthe', 'Durante', '2010-06-09', 'Student', 'Accepted', '555 743 6953', 'hdurante7@multiply.com', '6ο Λύκειο Ηρακλείου', '2021-03-26 12:00:00', '2021-03-26 12:00:00'),
('ydurtnall8', 'e1KFj0NwTr', 'Yurik', 'Durtnall', '2010-07-09', 'Student', 'Accepted', '799 717 7429', 'ydurtnall8@dailymotion.com', '6ο Λύκειο Ηρακλείου', '2019-09-04 12:00:00', '2019-09-04 12:00:00'),
('stoor9', 'uSqmjeuOS', 'Sigismond', 'Toor', '2010-08-09', 'Student', 'Accepted', '839 144 0588', 'stoor9@homestead.com', '6ο Λύκειο Ηρακλείου', '2019-09-29 12:00:00', '2019-09-29 12:00:00'),
('kdomnina', 'PeRVbZkt', 'Kitty', 'Domnin', '2010-09-09', 'Student', 'Accepted', '515 937 4825', 'kdomnina@businessweek.com', '6ο Λύκειο Ηρακλείου', '2021-05-21 12:00:00', '2021-05-21 12:00:00'),
('claurentinob', 'SXUj6FD2lQ', 'Christophorus', 'Laurentino', '2010-10-09', 'Student', 'Accepted', '991 377 5392', 'claurentinob@unblog.fr', '6ο Λύκειο Ηρακλείου', '2021-07-30 12:00:00', '2021-07-30 12:00:00'),
('fyegorkovc', 'R2JHWGCn4QN', 'Fulvia', 'Yegorkov', '2010-11-09', 'Student', 'Accepted', '344 474 6294', 'fyegorkovc@cisco.com', '6ο Λύκειο Ηρακλείου', '2019-04-30 12:00:00', '2019-04-30 12:00:00'),
('raslottd', 'qa8EoYFr', 'Roddy', 'Aslott', '2010-12-09', 'Student', 'Accepted', '365 713 0072', 'raslottd@bbb.org', '6ο Λύκειο Ηρακλείου', '2021-12-19 12:00:00', '2021-12-19 12:00:00'),
('mwebleye', '7LXsFE', 'Maris', 'Webley', '2011-01-09', 'Student', 'Accepted', '303 233 0771', 'mwebleye@themeforest.net', '6ο Λύκειο Ηρακλείου', '2021-10-21 12:00:00', '2021-10-21 12:00:00'),
('jjodkowskif', 'XRM90i3gLMZ0', 'Jennie', 'Jodkowski', '2011-02-09', 'Student', 'Accepted', '157 751 4686', 'jjodkowskif@loc.gov', '6ο Λύκειο Ηρακλείου', '2019-05-16 12:00:00', '2019-05-16 12:00:00'),
('dstrugnellg', 'sp5Y0qd', 'Dante', 'Strugnell', '2011-03-09', 'Student', 'Accepted', '443 752 9235', 'dstrugnellg@washingtonpost.com', '6ο Λύκειο Ηρακλείου', '2019-06-27 12:00:00', '2019-06-27 12:00:00'),
('mgavaranh', 'SD5M5EH5', 'Mose', 'Gavaran', '2011-04-09', 'Student', 'Accepted', '483 630 7661', 'mgavaranh@ehow.com', '6ο Λύκειο Ηρακλείου', '2020-01-23 12:00:00', '2020-01-23 12:00:00'),
('zgreginei', 'A2SDy2T', 'Zsa zsa', 'Gregine', '2010-11-09', 'Student', 'Accepted', '438 152 7262', 'zgreginei@economist.com', '6ο Λύκειο Ηρακλείου', '2021-10-18 12:00:00', '2021-10-18 12:00:00'),
('csherrellj', 'vUr6cJ39', 'Carlynne', 'Sherrell', '2010-12-09', 'Student', 'Accepted', '655 903 8612', 'csherrellj@prnewswire.com', '6ο Λύκειο Ηρακλείου', '2021-03-26 12:00:00', '2021-03-26 12:00:00'),
('bparkhousek', '9M606WDm', 'Barny', 'Parkhouse', '2010-12-09', 'Student', 'Accepted', '395 845 9309', 'bparkhousek@mit.edu', '6ο Λύκειο Ηρακλείου', '2021-01-12 12:00:00', '2021-01-12 12:00:00'),
('fsaywardl', 'TbmH60K', 'Fin', 'Sayward', '1988-05-01', 'Teacher', 'Accepted', '694 601 8303', 'fsaywardl@topsy.com', '6ο Λύκειο Ηρακλείου', '2019-03-15 12:00:00', '2019-03-15 12:00:00'),
('gseabertm', 'laHR2wpEQ', 'Gare', 'Seabert', '1986-05-12', 'Teacher', 'Accepted', '112 951 1979', 'gseabertm@nps.gov', '6ο Λύκειο Ηρακλείου', '2019-10-19 12:00:00', '2019-10-19 12:00:00'),
('bgingedalen', 'pAKoee5Frp8', 'Benjamen', 'Gingedale', '1984-05-04', 'Teacher', 'Accepted', '994 397 6041', 'bgingedalen@github.com', '6ο Λύκειο Ηρακλείου', '2019-12-31 12:00:00', '2019-12-31 12:00:00'),
('pdugdaleo', 'BBC2xj', 'Porty', 'Dugdale', '1972-06-04', 'Teacher', 'Accepted', '807 428 2848', 'pdugdaleo@infoseek.co.jp', '6ο Λύκειο Ηρακλείου', '2019-01-29 12:00:00', '2019-01-29 12:00:00'),
('mikloutzis', 'mikloutzis', 'Μιχάλης', 'Λούτζης', '1980-05-12', 'Teacher', 'Accepted', '109 000 4316', 'mik@loutzis.com', '6ο Λύκειο Ηρακλείου', '2020-01-01 12:00:00', '2020-01-01 12:00:00'),
('kostastzolakis', 'kostastzolakis', 'Κωνσταντίνος', 'Τζολάκης', '1978-05-01', 'Admin', 'Accepted', '060 000 0808', 'kostas@tzolakis.com', '6ο Λύκειο Ηρακλείου', '2020-01-01 12:00:00', '2020-01-01 12:00:00'),
('llocarno0', '2rjwTOHp', 'Lonnie', 'Locarno', '2010-01-09', 'Student', 'Accepted', '331 466 1128', 'llocarno0@blog.com', '2ο Γυμνάσιο Βόλου', '2019-10-07 12:00:00', '2019-10-07 12:00:00'),
('cocleary1', 'zJdbV6QNLXD', 'Catherina', 'Cleary', '2010-01-10', 'Student', 'Accepted', '695 483 8847', 'cocleary1@craigslist.org', '2ο Γυμνάσιο Βόλου', '2021-08-30 12:00:00', '2021-08-30 12:00:00'),
('syannikov2', 'QndSpTq', 'Samara', 'Yannikov', '2010-01-11', 'Student', 'Accepted', '804 412 7063', 'syannikov2@guardian.co.uk', '2ο Γυμνάσιο Βόλου', '2019-07-08 12:00:00', '2019-07-08 12:00:00'),
('jlarive3', 'lb9AafMGL7Qj', 'June', 'Larive', '2010-02-09', 'Student', 'Accepted', '382 494 7261', 'jlarive3@jalbum.net', '2ο Γυμνάσιο Βόλου', '2020-03-23 12:00:00', '2020-03-23 12:00:00'),
('lokenden4', 'CsnyJ1AJG2E', 'Liva', 'Okenden', '2010-03-09', 'Student', 'Accepted', '310 413 0131', 'lokenden4@sun.com', '2ο Γυμνάσιο Βόλου', '2019-07-28 12:00:00', '2019-07-28 12:00:00'),
('zmart5', '1nJzYk10', 'Zita', 'Mart', '2010-04-09', 'Student', 'Accepted', '672 700 9707', 'zmart5@diigo.com', '2ο Γυμνάσιο Βόλου', '2019-10-21 12:00:00', '2019-10-21 12:00:00'),
('rcarek6', 'oojB7ZucLQ', 'Ronald', 'Carek', '2010-05-09', 'Student', 'Accepted', '959 855 7902', 'rcarek6@reverbnation.com', '2ο Γυμνάσιο Βόλου', '2019-03-15 12:00:00', '2019-03-15 12:00:00'),
('tzaniolini7', 'JvS2W42g', 'Tabina', 'Zaniolini', '2010-06-09', 'Student', 'Accepted', '802 563 9813', 'tzaniolini7@twitpic.com', '2ο Γυμνάσιο Βόλου', '2019-07-22 12:00:00', '2019-07-22 12:00:00'),
('sirvine8', 'KZyzXO8cO5M', 'Salli', 'Irvine', '2010-07-09', 'Student', 'Accepted', '466 460 2885', 'sirvine8@upenn.edu', '2ο Γυμνάσιο Βόλου', '2020-02-24 12:00:00', '2020-02-24 12:00:00'),
('speachment9', 'jnJa7rcfUce6', 'Somerset', 'Peachment', '2010-08-09', 'Student', 'Accepted', '404 816 5248', 'speachment9@cocolog-nifty.com', '2ο Γυμνάσιο Βόλου', '2019-04-17 12:00:00', '2019-04-17 12:00:00'),
('rpaula', 'uqfuZrgggzH', 'Ric', 'Paul', '2010-09-09', 'Student', 'Accepted', '969 609 8881', 'rpaula@devhub.com', '2ο Γυμνάσιο Βόλου', '2021-05-08 12:00:00', '2021-05-08 12:00:00'),
('ilyesb', '1epBIR', 'Ilsa', 'Lyes', '2010-10-09', 'Student', 'Accepted', '900 870 7856', 'ilyesb@reddit.com', '2ο Γυμνάσιο Βόλου', '2021-10-02 12:00:00', '2021-10-02 12:00:00'),
('smattiellic', 'RgHcGWwPLS', 'Sidney', 'Mattielli', '2010-11-09', 'Student', 'Accepted', '270 862 6899', 'smattiellic@fotki.com', '2ο Γυμνάσιο Βόλου', '2019-08-11 12:00:00', '2019-08-11 12:00:00'),
('elebeld', 'pB3ZuDW7', 'Eleen', 'Lebel', '2010-12-09', 'Student', 'Accepted', '984 212 1157', 'elebeld@vk.com', '2ο Γυμνάσιο Βόλου', '2019-10-26 12:00:00', '2019-10-26 12:00:00'),
('osarlee', 'GMA9hvlOF', 'Oliy', 'Sarle', '2011-01-09', 'Student', 'Accepted', '601 648 0379', 'osarlee@lycos.com', '2ο Γυμνάσιο Βόλου', '2021-06-08 12:00:00', '2021-06-08 12:00:00'),
('rgilloolyf', 'Gsymcej', 'Rolfe', 'Gillooly', '2011-02-09', 'Student', 'Accepted', '871 265 9926', 'rgilloolyf@prweb.com', '2ο Γυμνάσιο Βόλου', '2020-04-21 00:00:00', '2020-04-21 00:00:00'),
('sdallicottg', '6Hepcw', 'Steffane', 'Dallicott', '2011-03-09', 'Student', 'Accepted', '558 799 5244', 'sdallicottg@wsj.com', '2ο Γυμνάσιο Βόλου', '2019-04-22 00:00:00', '2019-04-22 00:00:00'),
('cbaglanh', 'FWuiyU9M1zAY', 'Cordey', 'Baglan', '2011-04-09', 'Student', 'Accepted', '395 561 3392', 'cbaglanh@ed.gov', '2ο Γυμνάσιο Βόλου', '2019-03-10 00:00:00', '2019-03-10 00:00:00'),
('rloisii', 'Sz1IPkI4IaZs', 'Rheta', 'Loisi', '2010-11-09', 'Student', 'Accepted', '685 698 2364', 'rloisii@vkontakte.ru', '2ο Γυμνάσιο Βόλου', '2021-06-27 00:00:00', '2021-06-27 00:00:00'),
('kpocockej', 'W2w8mo10', 'Kimberlee', 'Pococke', '2010-12-09', 'Student', 'Accepted', '942 873 7234', 'kpocockej@un.org', '2ο Γυμνάσιο Βόλου', '2021-01-20 00:00:00', '2021-01-20 00:00:00'),
('jlacek', 'yuxptk', 'Jamie', 'Lace', '2010-12-09', 'Student', 'Accepted', '815 382 9217', 'jlacek@yale.edu', '2ο Γυμνάσιο Βόλου', '2021-03-09 00:00:00', '2021-03-09 00:00:00'),
('egullimanl', 'mB2sFwgNx', 'Etienne', 'Gulliman', '1988-05-01', 'Teacher', 'Accepted', '257 605 5016', 'egullimanl@newsvine.com', '2ο Γυμνάσιο Βόλου', '2019-12-25 00:00:00', '2019-12-25 00:00:00'),
('cklimkiewichm', 'DiNx2Kjyet', 'Clarissa', 'Klimkiewich', '1986-05-12', 'Teacher', 'Accepted', '672 280 0537', 'cklimkiewichm@theglobeandmail.com', '2ο Γυμνάσιο Βόλου', '2021-08-17 00:00:00', '2021-08-17 00:00:00'),
('bdunlean', 'Fpiy8sDcM', 'Babita', 'Dunlea', '1984-05-04', 'Teacher', 'Accepted', '970 894 8298', 'bdunlean@google.ca', '2ο Γυμνάσιο Βόλου', '2020-02-16 00:00:00', '2020-02-16 00:00:00'),
('dchatreso', 'brBBiWeFNGz', 'Devy', 'Chatres', '1972-06-04', 'Teacher', 'Accepted', '197 194 7631', 'dchatreso@weather.com', '2ο Γυμνάσιο Βόλου', '2019-01-04 00:00:00', '2019-01-04 00:00:00'),
('goergepapas', 'goergepapas', 'Γιώργος', 'Παπάς', '1980-05-12', 'Teacher', 'Accepted', '109 001 4316', 'goerge@papas.com', '2ο Γυμνάσιο Βόλου', '2020-01-01 00:00:00', '2020-01-01 00:00:00'),
('kostastsimikas', 'kostastsimikas', 'Κωνσταντίνος', 'Τσιμίκας', '1978-05-01', 'Admin', 'Accepted', '093 001 0808', 'kostas@tsimikas.com', '2ο Γυμνάσιο Βόλου', '2020-01-01 00:00:00', '2020-01-01 00:00:00'),
('ucopland0', 'AIykD36c', 'Urbain', 'Copland', '2010-01-09', 'Student', 'Accepted', '377 159 8084', 'ucopland0@nationalgeographic.com', '3ο Λύκειο Αλεξανδρούπολης', '2019-02-12 00:00:00', '2019-02-12 00:00:00'),
('pfancourt1', 'zWS9hlMH', 'Phillie', 'Fancourt', '2010-01-10', 'Student', 'Accepted', '240 514 9342', 'pfancourt1@shop-pro.jp', '3ο Λύκειο Αλεξανδρούπολης', '2020-04-03 00:00:00', '2020-04-03 00:00:00'),
('deddow2', 'TzqEqxWR', 'Devin', 'Eddow', '2010-01-11', 'Student', 'Accepted', '517 254 3274', 'deddow2@about.me', '3ο Λύκειο Αλεξανδρούπολης', '2019-06-14 00:00:00', '2019-06-14 00:00:00'),
('ipoplee3', 'Ka4O3op', 'Isador', 'Poplee', '2010-02-09', 'Student', 'Accepted', '123 747 5603', 'ipoplee3@imageshack.us', '3ο Λύκειο Αλεξανδρούπολης', '2019-05-16 00:00:00', '2019-05-16 00:00:00'),
('tbertrand4', '7F6DuY', 'Terry', 'Bertrand', '2010-03-09', 'Student', 'Accepted', '918 138 5349', 'tbertrand4@ehow.com', '3ο Λύκειο Αλεξανδρούπολης', '2019-10-03 00:00:00', '2019-10-03 00:00:00'),
('mbletso5', 'xwXULKL', 'Michal', 'Bletso', '2010-09-04', 'Student', 'Accepted', '689 211 4566', 'mbletso5@123-reg.co.uk', '3ο Λύκειο Αλεξανδρούπολης', '2019-01-09 12:00:00', '2019-01-09 12:00:00'),
('nhavers6', 'BjzOiekDEP1', 'Nicol', 'Havers', '2010-09-05', 'Student', 'Accepted', '643 105 9014', 'nhavers6@cnet.com', '3ο Λύκειο Αλεξανδρούπολης', '2019-08-05 12:00:00', '2019-08-05 12:00:00'),
('djeratt7', 'l7vY6E47UD85', 'Dorolisa', 'Jeratt', '2010-09-06', 'Student', 'Accepted', '932 728 3889', 'djeratt7@flickr.com', '3ο Λύκειο Αλεξανδρούπολης', '2020-02-26 12:00:00', '2020-02-26 12:00:00'),
('lrowbottom8', 'DkYjRT2qmVk', 'Lloyd', 'Rowbottom', '2010-09-07', 'Student', 'Accepted', '879 373 5620', 'lrowbottom8@pinterest.com', '3ο Λύκειο Αλεξανδρούπολης', '2021-04-04 12:00:00', '2021-04-04 12:00:00'),
('hharlow9', 'XzMIvjL', 'Hedy', 'Harlow', '2010-09-08', 'Student', 'Accepted', '264 809 7516', 'hharlow9@dailymail.co.uk', '3ο Λύκειο Αλεξανδρούπολης', '2021-07-03 12:00:00', '2021-07-03 12:00:00'),
('ggreima', 'MnYrmoxabl', 'Guillemette', 'Greim', '2010-09-09', 'Student', 'Accepted', '288 908 5278', 'ggreima@privacy.gov.au', '3ο Λύκειο Αλεξανδρούπολης', '2020-03-22 12:00:00', '2020-03-22 12:00:00'),
('ugarthlandb', 'CviO1juA', 'Ulrike', 'Garthland', '2010-09-10', 'Student', 'Accepted', '851 248 5904', 'ugarthlandb@theguardian.com', '3ο Λύκειο Αλεξανδρούπολης', '2020-05-04 12:00:00', '2020-05-04 12:00:00'),
('swalklotc', 'A0HRzngFU', 'Smitty', 'Walklot', '2010-09-11', 'Student', 'Accepted', '316 894 1527', 'swalklotc@jiathis.com', '3ο Λύκειο Αλεξανδρούπολης', '2020-05-07 12:00:00', '2020-05-07 12:00:00'),
('awrend', '0qVBW0JHU', 'Angelina', 'Wren', '2010-09-12', 'Student', 'Accepted', '759 618 5417', 'awrend@artisteer.com', '3ο Λύκειο Αλεξανδρούπολης', '2019-05-27 12:00:00', '2019-05-27 12:00:00'),
('eimose', 'w6Ckazdt', 'Egon', 'Imos', '2011-09-01', 'Student', 'Accepted', '529 549 2796', 'eimose@slideshare.net', '3ο Λύκειο Αλεξανδρούπολης', '2019-07-02 12:00:00', '2019-07-02 12:00:00'),
('fwitulf', 'Fw1kit8g3Bwz', 'Fleming', 'Witul', '2011-09-02', 'Student', 'Accepted', '530 134 2067', 'fwitulf@oaic.gov.au', '3ο Λύκειο Αλεξανδρούπολης', '2020-02-08 12:00:00', '2020-02-08 12:00:00'),
('jpatryg', '6juK7UHaThQZ', 'Jo-anne', 'Patry', '2011-09-03', 'Student', 'Accepted', '353 779 4844', 'jpatryg@walmart.com', '3ο Λύκειο Αλεξανδρούπολης', '2020-12-17 12:00:00', '2020-12-17 12:00:00'),
('ksuttlingh', 'g3pIIIi', 'Kendal', 'Suttling', '2011-09-04', 'Student', 'Accepted', '634 138 7975', 'ksuttlingh@addtoany.com', '3ο Λύκειο Αλεξανδρούπολης', '2019-11-24 12:00:00', '2019-11-24 12:00:00'),
('mcastaniei', 'Kp9hnr6gE', 'Mannie', 'Castanie', '2010-09-11', 'Student', 'Accepted', '201 263 6547', 'mcastaniei@ucsd.edu', '3ο Λύκειο Αλεξανδρούπολης', '2019-05-09 12:00:00', '2019-05-09 12:00:00'),
('htrumperj', 'KHJ1PcaeEvbk', 'Huntley', 'Trumper', '2010-12-09', 'Student', 'Accepted', '490 833 9068', 'htrumperj@shareasale.com', '3ο Λύκειο Αλεξανδρούπολης', '2019-11-04 12:00:00', '2019-11-04 12:00:00'),
('rmacmenemyk', '7IV5bw', 'Ramonda', 'MacMenemy', '1988-05-01', 'Teacher', 'Accepted', '665 150 2959', 'rmacmenemyk@unblog.fr', '3ο Λύκειο Αλεξανδρούπολης', '2020-01-14 12:00:00', '2020-01-14 12:00:00'),
('corcottl', 'zPeI618z', 'Christophorus', 'Orcott', '1986-05-12', 'Teacher', 'Accepted', '758 917 2552', 'corcottl@jugem.jp', '3ο Λύκειο Αλεξανδρούπολης', '2019-09-05 12:00:00', '2019-09-05 12:00:00'),
('jdrohanem', 'aFUTMzai', 'Joann', 'Drohane', '1984-05-03', 'Teacher', 'Accepted', '130 351 1173', 'jdrohanem@epa.gov', '3ο Λύκειο Αλεξανδρούπολης', '2019-02-13 12:00:00', '2019-02-13 12:00:00'),
('nrickesiesn', 'd7JVjMEZH', 'Novelia', 'Rickesies', '1972-06-04', 'Teacher', 'Accepted', '108 765 8624', 'nrickesiesn@admin.ch', '3ο Λύκειο Αλεξανδρούπολης', '2020-03-13 12:00:00', '2020-03-13 12:00:00'),
('ihabbijamo', 'KM1eF4', 'Ilsa', 'Habbijam', '1980-05-12', 'Teacher', 'Accepted', '216 299 5475', 'ihabbijamo@imdb.com', '3ο Λύκειο Αλεξανδρούπολης', '2020-05-10 12:00:00', '2020-05-10 12:00:00'),
('jimdiam', 'jimdiam', 'Δημήτρης', 'Διαμαντίδης', '1988-04-13', 'Teacher', 'Accepted', '109 001 0006', 'jim@diamantidis.com', '3ο Λύκειο Αλεξανδρούπολης', '2020-01-01 12:00:00', '2020-01-01 12:00:00'),
('thanosbakasetas', 'thanosbakasetas', 'Αναστάσιος', 'Μπακασέτας', '1978-05-01', 'Admin', 'Accepted', '093 001 0008', 'thanos@bakasetas.com', '3ο Λύκειο Αλεξανδρούπολης', '2020-01-01 12:00:00', '2020-01-01 12:00:00'),
('central_admin', '1111', 'Μέγας', 'Αλέξανδρος', '1975-03-03', 'Central Admin', 'Accepted', '110 001 0006', 'meg@alex.com', '1ο Γυμνάσιο Ν.Ιωνίας', '2015-01-01 12:00:00', '2015-01-01 12:00:00');


INSERT INTO Books (ISBN, Title, Summary, No_pages, Image, Book_language, Key_words) VALUES
('978-6589711377', '1984', 'A dystopian novel set in a totalitarian society.', 328, 'https://m.media-amazon.com/images/I/41yN1NYjE8L._SX324_BO1,204,203,200_.jpg', 'English', 'dystopia, surveillance, politics'),
('‎978-0446310789', 'To Kill a Mockingbird', 'A novel about racial injustice in the American South.', 324, 'https://m.media-amazon.com/images/I/51N5qVjuKAL._SX309_BO1,204,203,200_.jpg', 'English', 'race, justice, coming of age'),
('978-0370007724', 'Where the Wild Things Are', 'A children\'s picture book about a young boy named Max.', 48, 'https://m.media-amazon.com/images/I/61iyA9xgRDL._SY448_BO1,204,203,200_.jpg', 'English', 'imagination, adventure, monsters'),
('978-1338878929', 'Harry Potter and the Sorcerer\'s Stone', 'The first book in the Harry Potter series.', 320, 'https://m.media-amazon.com/images/I/51HSkTKlauL._SY291_BO1,204,203,200_QL40_FMwebp_.jpg', 'English', 'magic, friendship, adventure'),
('978-0316769488', 'The Catcher in the Rye', 'A novel narrated by a disaffected teenager named Holden Caulfield.', 224, 'https://m.media-amazon.com/images/I/61fgOuZfBGL._SY291_BO1,204,203,200_QL40_FMwebp_.jpg', 'English', 'adolescence, alienation, identity'),
('978-0141439518', 'Pride and Prejudice', 'A classic novel about love and social class in 19th-century England.', 480, 'https://m.media-amazon.com/images/I/41Pkt5tUWiL._SX324_BO1,204,203,200_.jpg', 'English', 'romance, social class, satire'),
('978-0743273565', 'The Great Gatsby', 'A story of the Jazz Age and the American Dream.', 180, 'https://m.media-amazon.com/images/I/41JFqILaXyL._SX326_BO1,204,203,200_.jpg', 'English', 'wealth, love, tragedy'),
('978-0061122415', 'The Alchemist', 'A philosophical novel about a young Andalusian shepherd named Santiago.', 208, 'https://m.media-amazon.com/images/I/41ybG235TcL._SY291_BO1,204,203,200_QL40_FMwebp_.jpg', 'English', 'spirituality, self-discovery, destiny'),
('978-0141441146', 'Jane Eyre', 'A coming-of-age story of a young orphan named Jane Eyre.', 532, 'https://m.media-amazon.com/images/I/41J593LDAZL._SY291_BO1,204,203,200_QL40_FMwebp_.jpg', 'English', 'love, independence, morality'),
('978-0547928227', 'The Hobbit', 'A fantasy novel about the adventures of Bilbo Baggins.', 310, 'https://m.media-amazon.com/images/I/413V3sIKSJL._SX331_BO1,204,203,200_.jpg', 'English', 'fantasy, adventure, friendship'),
('978-0142424179', 'The Fault in Our Stars', 'A young adult novel about two teenagers with cancer who fall in love.', 336, 'https://m.media-amazon.com/images/I/51ED6WxFy8L._SY291_BO1,204,203,200_QL40_FMwebp_.jpg', 'English', 'cancer, love, friendship'),
('978-0142402535', 'Matilda', 'A children\'s novel about a gifted girl with telekinetic powers.', 240, 'https://m.media-amazon.com/images/I/41jHCUo0nGL._SY291_BO1,204,203,200_QL40_FMwebp_.jpg', 'English', 'imagination, intelligence, family'),
('978-1594631931', 'The Kite Runner', 'A story set against the backdrop of the changing political landscape in Afghanistan.', 371, 'https://m.media-amazon.com/images/I/51vRNqL61aL._SY291_BO1,204,203,200_QL40_FMwebp_.jpg', 'English', 'friendship, betrayal, redemption'),
('978-0066238500', 'The Chronicles of Narnia', 'A series of fantasy novels set in the fictional realm of Narnia.', 767, 'https://m.media-amazon.com/images/I/51bWBRQoaXL._SY291_BO1,204,203,200_QL40_FMwebp_.jpg', 'English', 'fantasy, adventure, allegory'),
('978-0141439556', 'Wuthering Heights', 'A Gothic novel about the passionate and destructive love between Catherine Earnshaw and Heathcliff.', 464, 'https://m.media-amazon.com/images/I/41dAOQBWAUL._SY291_BO1,204,203,200_QL40_FMwebp_.jpg', 'English', 'love, revenge, tragedy'),
#2
('978-0544003415', 'The Lord of the Rings', 'A high fantasy novel about the quest to destroy a powerful ring.', 1178, 'https://m.media-amazon.com/images/I/51kfFS5-fnL._SY291_BO1,204,203,200_QL40_FMwebp_.jpg', 'English', 'fantasy, adventure, epic'),
('978-0307588371', 'Gone Girl', 'A psychological thriller about a husband searching for his missing wife.', 432, 'https://m.media-amazon.com/images/I/41oR8CLl6lL._SY291_BO1,204,203,200_QL40_FMwebp_.jpg', 'English', 'thriller, suspense, marriage'),
('978-1594633669', 'The Girl on the Train', 'A psychological thriller about a woman who becomes entangled in a missing person investigation.', 336, 'https://pictures.abebooks.com/isbn/9781594633669-us.jpg', 'English', 'thriller, suspense, obsession'),
('978-0439023481', 'The Hunger Games', 'A dystopian novel set in a future where teenagers fight to the death in televised games.', 374, 'https://m.media-amazon.com/images/I/414fBKKVniL._SY291_BO1,204,203,200_QL40_FMwebp_.jpg', 'English', 'dystopia, survival, rebellion'),
('978-0060850524', 'Brave New World', 'A dystopian novel set in a futuristic society where human reproduction is controlled.', 288, 'https://m.media-amazon.com/images/I/41-n-3hZMeL._SX325_BO1,204,203,200_.jpg', 'English', 'dystopia, science fiction, social criticism'),
('978-3125776920', 'The Handmaid\'s Tale', 'A dystopian novel about a totalitarian society where women are subjugated.', 311, 'https://m.media-amazon.com/images/I/311j8fNVKHL._SX324_BO1,204,203,200_.jpg', 'English', 'dystopia, feminism, oppression'),
('978-0399590504', 'Educated', 'A memoir about a woman who grows up in a strict and abusive household but eventually escapes and earns a PhD.', 400, 'https://m.media-amazon.com/images/I/417zjFiUwEL._SY291_BO1,204,203,200_QL40_FMwebp_.jpg', 'English', 'memoir, education, resilience'),
('978-0679781585', 'Memoirs of a Geisha', 'A historical novel about a geisha in Kyoto, Japan, before and after World War II.', 503, 'https://m.media-amazon.com/images/I/51O9HqW8ZAL._SY291_BO1,204,203,200_QL40_FMwebp_.jpg', 'English', 'historical fiction, geisha, culture'),
('978-0316015844', 'Twilight', 'A young adult novel about a teenage girl who falls in love with a vampire.', 498, 'https://m.media-amazon.com/images/I/318nujF5v5L._SY291_BO1,204,203,200_QL40_FMwebp_.jpg', 'English', 'fantasy, romance, supernatural'),
('978-0553418026', 'The Martian', 'A science fiction novel about an astronaut stranded alone on Mars.', 384, 'https://m.media-amazon.com/images/I/4164GkhDBXL._SY291_BO1,204,203,200_QL40_FMwebp_.jpg', 'English', 'science fiction, survival, space exploration'),
('978-0812550702', 'Ender\'s Game', 'A science fiction novel about a child prodigy who is trained to command Earth\'s military forces against an alien invasion.', 352, 'https://m.media-amazon.com/images/I/51sfTXF6eUL._SY291_BO1,204,203,200_QL40_FMwebp_.jpg', 'English', 'science fiction, military, alien invasion'),
('978-0141439570', 'The Picture of Dorian Gray', 'A philosophical novel about a man who remains eternally young while a portrait of him ages and shows the effects of his immoral actions.', 254, 'https://m.media-amazon.com/images/I/51CiISiAMwL._SY291_BO1,204,203,200_QL40_FMwebp_.jpg', 'English', 'gothic, morality, corruption'),
('978-0274808328', 'The Da Vinci Code', 'A mystery thriller about a symbologist who becomes involved in a quest for a hidden religious artifact.', 689, 'https://m.media-amazon.com/images/I/41KuPr7kpZL._SY291_BO1,204,203,200_QL40_FMwebp_.jpg', 'English', 'mystery, thriller, religious conspiracy'),
('978-0307387899', 'The Road', 'A post-apocalyptic novel about a father and son navigating a desolate and dangerous landscape.', 287, 'https://m.media-amazon.com/images/I/41OYjTKJ8eL._SY291_BO1,204,203,200_QL40_FMwebp_.jpg', 'English', 'post-apocalyptic, survival, fatherhood'),
#3
('978-1503280786', 'Moby-Dick', 'A classic novel about Captain Ahab\'s obsessive pursuit of the white whale.', 635, 'https://m.media-amazon.com/images/I/41VnFKC9srL._SY291_BO1,204,203,200_QL40_FMwebp_.jpg', 'English', 'adventure, obsession, symbolism'),
('978-0553593716', 'A Game of Thrones', 'The first book in the epic fantasy series "A Song of Ice and Fire" set in the fictional world of Westeros.', 848, 'https://m.media-amazon.com/images/I/51Liqhpy0SL._SY291_BO1,204,203,200_QL40_FMwebp_.jpg', 'English', 'fantasy, political intrigue, dragons'),
('978-0141439662', 'Sense and Sensibility', 'A classic novel about the Dashwood sisters and their romantic adventures.', 409, 'https://m.media-amazon.com/images/I/41dTfpdTZXL._SY291_BO1,204,203,200_QL40_FMwebp_.jpg', 'English', 'romance, family, social class'),
('978-0812988529', 'Slaughterhouse-Five', 'A satirical novel about the experiences of a soldier in World War II, including time travel and alien abduction.', 275, 'https://m.media-amazon.com/images/I/41-D+w0DPxL._SY344_BO1,204,203,200_.jpg', 'English', 'science fiction, war, satire'),
('978-0307743659', 'The Shining', 'A horror novel about a family trapped in a haunted hotel during the winter.', 688, 'https://m.media-amazon.com/images/I/51jSPyJ8v2L._SY291_BO1,204,203,200_QL40_FMwebp_.jpg', 'English', 'horror, supernatural, isolation'),
('978-1451626657', 'Catch-22', 'A darkly humorous novel about the absurdities of war and military bureaucracy.', 453, 'https://m.media-amazon.com/images/I/51Fk2Q1bHbL._SY291_BO1,204,203,200_QL40_FMwebp_.jpg', 'English', 'war, satire, absurdity'),
('978-0375842209', 'The Book Thief', 'A historical novel set during World War II, narrated by Death, about a girl who steals books to share them with others.', 552, 'https://m.media-amazon.com/images/I/51Vll80ms2L._SX321_BO1,204,203,200_.jpg', 'English', 'historical fiction, war, books'),
('978-1594483851', 'A Thousand Splendid Suns', 'A novel set in Afghanistan, following the lives of two women against the backdrop of war and political unrest.', 432, 'https://m.media-amazon.com/images/I/518tK2CNHVL._SY291_BO1,204,203,200_QL40_FMwebp_.jpg', 'English', 'war, women, resilience'),
#ws esw 38
#4
('978-0439064872', 'Harry Potter and the Chamber of Secrets', 'The second book in the Harry Potter series.', 341, 'https://m.media-amazon.com/images/I/51mFoFmu0EL._SX335_BO1,204,203,200_.jpg', 'English', 'magic, friendship, mystery'),
('978-0545582938', 'Harry Potter and the Prisoner of Azkaban', 'The third book in the Harry Potter series.', 435, 'https://m.media-amazon.com/images/I/51iwe6zFDZL._SY291_BO1,204,203,200_QL40_FMwebp_.jpg', 'English', 'magic, friendship, time travel'),
('978-1338878956', 'Harry Potter and the Goblet of Fire', 'The fourth book in the Harry Potter series.', 734, 'https://m.media-amazon.com/images/I/51OORp1XD1L._SX218_BO1,204,203,200_QL40_FMwebp_.jpg', 'English', 'magic, friendship, tournament'),
('978-0439358064', 'Harry Potter and the Order of the Phoenix', 'The fifth book in the Harry Potter series.', 870, 'https://m.media-amazon.com/images/I/516c41oodRL._SY291_BO1,204,203,200_QL40_FMwebp_.jpg', 'English', 'magic, friendship, rebellion'),
('978-0439784549', 'Harry Potter and the Half-Blood Prince', 'The sixth book in the Harry Potter series.', 652, 'https://m.media-amazon.com/images/I/51uO1pQc5oL._SY291_BO1,204,203,200_QL40_FMwebp_.jpg', 'English', 'magic, friendship, secrets'),
('978-1338878981', 'Harry Potter and the Deathly Hallows', 'The seventh and final book in the Harry Potter series.', 607, 'https://m.media-amazon.com/images/I/51jyI6lYi1L._SY291_BO1,204,203,200_QL40_FMwebp_.jpg', 'English', 'magic, friendship, sacrifice'),
('978-0385737951', 'The Maze Runner', 'A dystopian novel about a group of teenagers trapped in a maze.', 375, 'https://m.media-amazon.com/images/I/51abqQT4ajL._SY291_BO1,204,203,200_QL40_FMwebp_.jpg', 'English', 'dystopia, survival, mystery'),
('978-0671027346', 'The Perks of Being a Wallflower', 'A coming-of-age novel about a teenager dealing with mental health issues.', 213, 'https://m.media-amazon.com/images/I/31GVVLu3+lL._SY344_BO1,204,203,200_.jpg', 'English', 'coming of age, friendship, mental health'),
('978-7543321726', 'The Catcher in the Rye', 'A novel narrated by a disaffected teenager named Holden Caulfield.', 277, 'https://m.media-amazon.com/images/I/61fgOuZfBGL._SY291_BO1,204,203,200_QL40_FMwebp_.jpg', 'English', 'coming of age, alienation, identity'),
#46
#5
('978-0553108033', 'A Clash of Kings', 'The second book in the "A Song of Ice and Fire" series, continuing the power struggles and conflicts in Westeros.', 768, 'https://m.media-amazon.com/images/I/51QKXAcKUGL._SX302_BO1,204,203,200_.jpg', 'English', 'fantasy, war, power'),
('978-0553381709', 'A Storm of Swords', 'The third book in the "A Song of Ice and Fire" series, filled with shocking twists, battles, and political intrigue.', 1177, 'https://m.media-amazon.com/images/I/51yh24jlQpL._SY291_BO1,204,203,200_QL40_FMwebp_.jpg', 'English', 'fantasy, war, betrayal'),
('978-0553582024', 'A Feast for Crows', 'The fourth book in the "A Song of Ice and Fire" series, featuring the aftermath of war and the struggles for power.', 1061, 'https://m.media-amazon.com/images/I/51TgwgsDjAL._SY291_BO1,204,203,200_QL40_FMwebp_.jpg', 'English', 'fantasy, political intrigue, revenge'),
('978-0553582017', 'A Dance with Dragons', 'The fifth book in the "A Song of Ice and Fire" series, continuing the complex storylines and character arcs.', 1152, 'https://m.media-amazon.com/images/I/511P60EPvaL._SX301_BO1,204,203,200_.jpg', 'English', 'fantasy, dragons, politics'),
#50
#6
('978-9600432738', 'Ο Άνθρωπος που Σκότωσε τον Τζιμ Κρόουλι', 'Ένα μυθιστόρημα περιπέτειας και αστυνομικής έρευνας, όπου ένας αστυνομικός αναλαμβάνει να λύσει τον μυστηριώδη θάνατο του Τζιμ Κρόουλι.', 400, 'https://upload.wikimedia.org/wikipedia/commons/a/a7/Blank_image.jpg?20180514195324', 'Greek', 'μυθιστόρημα, αστυνομία, περιπέτεια'),
('978-9602631393', 'Η Αλχημεία', 'Ένα μυθιστόρημα περιπέτειας και φιλοσοφίας, όπου ένας νεαρός αλχημιστής αναζητά τον Μεγάλο Λίθο για να επιτύχει τη μεταμόρφωση του.', 208, 'https://www.evripidis.gr/datafiles/010200036080.jpg', 'Greek', 'μυθιστόρημα, αλχημεία, αναζήτηση'),
('978-9601673615', 'Η Οδύσσεια', 'Ένα επικό ποίημα του Όμηρου που αφηγείται τις περιπέτειες του Οδυσσέα κατά την επιστροφή του στην Ιθάκη μετά τον Τρωικό πόλεμο.', 256, 'https://www.books2u.gr/Cache/Photos/Product240603.Photo1.Original-w300-h-0-85-v2.jpg', 'Greek', 'επικό ποίημα, μυθολογία, περιπέτεια'),
#53
#7
('978-0395489314', 'The Fellowship of the Ring', 'The first book in J.R.R. Tolkien\'s epic fantasy series "The Lord of the Rings," following a group of characters on a quest to destroy the One Ring.', 423, 'https://m.media-amazon.com/images/I/41gHG-a2OEL._SY291_BO1,204,203,200_QL40_FMwebp_.jpg', 'English', 'fantasy, epic, adventure'),
('978-0345339713', 'The Two Towers', 'The second book in "The Lord of the Rings" series, continuing the journey of the Fellowship of the Ring as they face new challenges and dangers.', 352, 'https://m.media-amazon.com/images/I/51ujGkXWhmL._SY291_BO1,204,203,200_QL40_FMwebp_.jpg', 'English', 'fantasy, epic, adventure'),
('978-0618002245', 'The Return of the King', 'The final book in "The Lord of the Rings" series, depicting the climactic events and the ultimate fate of the characters and Middle-earth.', 416, 'https://m.media-amazon.com/images/I/51T5r+VvBRL._SX329_BO1,204,203,200_.jpg', 'English', 'fantasy, epic, conclusion'),
('978-0345325815', 'The Silmarillion', 'A collection of mythopoeic tales and legends that provide the background and history of Middle-earth.', 365, 'https://m.media-amazon.com/images/I/51kA5deyOBL._SY291_BO1,204,203,200_QL40_FMwebp_.jpg', 'English', 'fantasy, mythology, world-building'),
('978-0544337992', 'Unfinished Tales of Númenor and Middle-earth', 'A collection of unfinished and alternate versions of stories from the history of Middle-earth.', 472, 'https://m.media-amazon.com/images/I/41CASj4PdhL._SY291_BO1,204,203,200_QL40_FMwebp_.jpg', 'English', 'fantasy, mythology, world-building'),
('978-0345518842', 'The Children of Húrin', 'An expanded version of one of the tales from "The Silmarillion," following the tragic story of Túrin Turambar and his sister Nienor.', 313, 'https://m.media-amazon.com/images/I/51-gV96CaLL._SX302_BO1,204,203,200_.jpg', 'English', 'fantasy, tragedy, destiny'),
('978-0547394572', 'The Legend of Sigurd and Gudrún', 'A poetic reimagining of Norse legends, including the story of Sigurd and the fall of the Niflungs.', 377, 'https://m.media-amazon.com/images/I/51H1rSdboKL._SY291_BO1,204,203,200_QL40_FMwebp_.jpg', 'English', 'fantasy, mythology, legends'),
#60
#8
('978-0007557271', 'The Adventures of Tom Bombadil', 'A collection of poetry about various characters and events in Middle-earth, including the mischievous Tom Bombadil.', 64, 'https://m.media-amazon.com/images/I/51zGz0U-fcL._SY291_BO1,204,203,200_QL40_FMwebp_.jpg', 'English', 'fantasy, poetry, Middle-earth'),
('978-1328791825', 'Beren and Lúthien', 'An expanded version of the tale of Beren and Lúthien, a mortal man and an immortal elf who undertake a perilous quest.', 288, 'https://m.media-amazon.com/images/I/414GLrlx7pL._SY291_BO1,204,203,200_QL40_FMwebp_.jpg', 'English', 'fantasy, love story, quests'),
('978-0618056996', 'The Letters of J.R.R. Tolkien', 'A collection of letters written by J.R.R. Tolkien, offering insights into his thoughts, inspirations, and the creation of his works.', 480, 'https://m.media-amazon.com/images/I/41S6uOgTaoL._SY291_BO1,204,203,200_QL40_FMwebp_.jpg', 'English', 'author, letters, insights'),
('978-0618134700', 'The Annotated Hobbit', 'A comprehensive edition of The Hobbit with annotations and commentary that provide additional context and explanations.', 398, 'https://m.media-amazon.com/images/I/51sq5zLFl6L._SX218_BO1,204,203,200_QL40_FMwebp_.jpg', 'English', 'fantasy, annotations, commentary'),
('978-0062265722', 'The Hobbit: The Art of War', 'An illustrated guide to the creatures, weapons, and battles of Middle-earth as depicted in The Hobbit movies.', 208, 'https://m.media-amazon.com/images/I/61ekFfGgXbL._SX218_BO1,204,203,200_QL40_FMwebp_.jpg', 'English', 'fantasy, art book, Middle-earth'),
('978-0547154119', 'Tales from the Perilous Realm', 'A collection of short stories and fairy tales set in various locations within Tolkien\'s mythology.', 378, 'https://m.media-amazon.com/images/I/41b0REYtMLL._SY291_BO1,204,203,200_QL40_FMwebp_.jpg', 'English', 'fantasy, short stories, fairy tales'),
('978-1328613042', 'The Fall of Gondolin', 'An expanded version of the story of the fall of the elven city of Gondolin, with additional writings and commentary.', 304, 'https://m.media-amazon.com/images/I/41SmaKys4+L._SY344_BO1,204,203,200_.jpg', 'English', 'fantasy, mythology, elven city'),
('978-0345375216', 'The Book of Lost Tales', 'The first two volumes of a series that explores the early versions and evolution of stories that later became part of The Silmarillion.', 704, 'https://m.media-amazon.com/images/I/51rnFyoo7FL._SY291_BO1,204,203,200_QL40_FMwebp_.jpg', 'English', 'fantasy, mythology, storytelling'),
#68
#9
('978-0007136551', 'The Road Goes Ever On', 'A collection of poems and songs from J.R.R. Tolkien\'s Middle-earth, accompanied by musical settings.', 113, 'https://m.media-amazon.com/images/I/515LHyIS6TL._SX218_BO1,204,203,200_QL40_FMwebp_.jpg', 'English', 'fantasy, poetry, songs'),
('978-0618083572', 'The Return of the Shadow', 'The first volume of "The History of The Lord of the Rings," exploring the early drafts and development of the story.', 497, 'https://m.media-amazon.com/images/I/41gb9RvE5bL._SY291_BO1,204,203,200_QL40_FMwebp_.jpg', 'English', 'fantasy, mythology, writing process'),
('978-0618083596', 'The War of the Ring', 'The third volume of "The History of The Lord of the Rings," delving into the later stages of the story and its evolving narrative.', 470, 'https://m.media-amazon.com/images/I/41SfvCAzYFL._SY291_BO1,204,203,200_QL40_FMwebp_.jpg', 'English', 'fantasy, mythology, writing process'),
('978-0395606490', 'Sauron Defeated', 'The ninth volume of "The History of Middle-earth," which includes the final writings and revisions of J.R.R. Tolkien concerning The Lord of the Rings.', 496, 'https://m.media-amazon.com/images/I/41XbRZIVnQL._SY291_BO1,204,203,200_QL40_FMwebp_.jpg', 'English', 'fantasy, mythology, writing process'),
('978-0618126996', 'The Atlas of Middle-earth', 'A comprehensive guide to the geography and maps of Middle-earth, including detailed descriptions and illustrations.', 224, 'https://m.media-amazon.com/images/I/41E3dtE92mL._SX218_BO1,204,203,200_QL40_FMwebp_.jpg', 'English', 'fantasy, geography, maps'),
('978-0345388186', 'The Lays of Beleriand', 'A collection of epic poems recounting the legends and tales of the First Age of Middle-earth.', 399, 'https://m.media-amazon.com/images/I/510DuI5XaQL._SY291_BO1,204,203,200_QL40_FMwebp_.jpg', 'English', 'fantasy, epic poems, First Age'),
('978-0395827604', 'The Peoples of Middle-earth', 'The twelfth and final volume of "The History of Middle-earth," exploring the various races and cultures of Middle-earth.', 512, 'https://m.media-amazon.com/images/I/41LP36miIzL._SY291_BO1,204,203,200_QL40_FMwebp_.jpg', 'English', 'fantasy, mythology, cultures'),
#75
#10
('978-0261102200', 'The Treason of Isengard', 'The seventh volume of "The History of The Lord of the Rings," documenting the early stages of the story and the challenges faced during its creation.', 496, 'https://m.media-amazon.com/images/I/41Rhq6QyKpL._SY291_BO1,204,203,200_QL40_ML2_.jpg', 'English', 'fantasy, mythology, writing process'),
('978-0395710418', 'The War of the Jewels', 'The eleventh volume of "The History of Middle-earth," containing the evolving stories and texts related to the Silmarillion and the First Age of Middle-earth.', 496, 'https://m.media-amazon.com/images/I/41MJXN9QRXL._SY291_BO1,204,203,200_QL40_FMwebp_.jpg', 'English', 'fantasy, mythology, First Age'),
('978-0544636341', 'The Art of The Lord of the Rings', 'A comprehensive collection of artwork and illustrations inspired by The Lord of the Rings, showcasing the visual interpretations of the epic saga.', 224, 'https://m.media-amazon.com/images/I/41UxGXtmm+L._SX258_BO1,204,203,200_.jpg', 'English', 'fantasy, art book, illustrations'),
('978-0345345066', 'The Tolkien Reader', 'A collection of shorter works by J.R.R. Tolkien, including "The Homecoming of Beorhtnoth Beorhthelm\'s Son," "Tree and Leaf," "Farmer Giles of Ham," and "The Adventures of Tom Bombadil."', 304, 'https://m.media-amazon.com/images/I/51Xxua1pYBL._SX301_BO1,204,203,200_.jpg', 'English', 'fantasy, short stories, poetry'),
('978-0375823732', 'Bilbo\'s Last Song', 'A picture book featuring the final poem written by Bilbo Baggins as he leaves Middle-earth, accompanied by beautiful illustrations.', 32, 'https://m.media-amazon.com/images/I/51Kl8GTP07L._SY291_BO1,204,203,200_QL40_FMwebp_.jpg', 'English', 'fantasy, picture book, poetry'),
#80
#11
('978-9606611179', 'Τα Μυστικά του Βάλτου', 'Ένα συναρπαστικό μυθιστόρημα για ένα μυστηριώδες και αποκαλυπτικό ταξίδι στα βάθη της φύσης και της ανθρώπινης ψυχής.', 560, 'https://external.webstorage.gr/mmimages/36/60/4/5/9789606611179-240x148-786x587-52x41-325x255.jpg', 'Greek', 'μυθιστόρημα, μυστήριο, φύση, ψυχή'),
('978-6180215496', 'Για Την Πατρίδα', 'Είναι η ιστορία δύο νέων, του Ασώτη Ταρωνίτη και του Αλέξιου Αργυρού, τους οποίους αιχμαλωτίζουν οι Βούλγαροι όταν καταλαμβάνουν τη Θεσσαλονίκη το 995', 224, 'https://a.scdn.gr/images/sku_main_images/028948/28948995/20211108113000_gia_tin_patrida_16652.jpeg', 'Greek', 'Ο κατάσκοπος, Θέκλα, Για την Πατρίδα, Ο τάφος του παλικαριού'),
('978-9609444477', 'Ο Μάγκας', 'Παρουσιάζει μέσα από τα μάτια του Μάγκα τη ζωή στην ανθηρή ελληνική παροικία της Αλεξάνδρειας των αρχών του 20ού αιώνα, κάνοντας παράλληλα αναφορές στον Μακεδονικό Αγώνα, στην επανάσταση του 1821 και στην ήττα του 1897', 381, 'https://b.scdn.gr/images/sku_main_images/006622/6622946/20200219103651_o_magas.jpeg', 'Greek', 'Ο Μάγκας, Φοξ Τεριέ, Αλεξάνδρεια, Μακεδονικός Αγώνας'),
('978-6180216615', 'Τρελαντώνης', 'Ένα καλοκαίρι τέσσερα αδέρφια που ζουν μόνιμα στην Αλεξάνδρεια φιλοξενούνται για τις διακοπές τους στον Πειραιά, στο σπίτι των θείων τους.', 288, 'https://c.scdn.gr/images/sku_main_images/026042/26042759/20210705172706_trelantonis.jpeg', 'Greek', 'σκανταλιές, Αντώνη, Αλεξάνδρεια, καλοκαιρινές διακοπές'),
('978-6180214086', 'Παραμύθι Χωρίς Όνομα', 'Στο μακρινό βασίλειο των Μοιρολάτρων ο Βασιλιάς ενδιαφέρεται μόνο για τη διασκέδαση και την καλοπέρασή του.', 238, 'https://b.scdn.gr/images/sku_main_images/021383/21383488/20191217140354_paramythi_choris_onoma.jpeg', 'Greek', 'Βασιλιάς, πατρίδα, Γνώση και Φρόνηση, ελπίδα'),
('978-9605017484', 'Τον καιρό του Βουλγαροκτόνου', 'Πρώτα η Πατρίδα και ύστερα η φωνή της καρδιάς! Με αυτή την ιδέα -διάχυτη στο έργο της Δέλτα- ενηλικιώνονται και ωριμάζουν τρία ελληνόπουλα, ο Κωνσταντίνος, ο Μιχαήλ και η Αλεξία, στις αρχές της 2ης χιλιετίας μ.Χ., όταν οι μάχες μεταξύ του αυτοκράτορα του Βυζαντίου Βασιλείου Β΄ Βουλγαροκτόνου και του τσάρου της Βουλγαρίας Σαμουήλ συνεχίζονται αδιάκοπα με ολοένα μεγαλύτερη σκληρότητα', 526, 'https://c.scdn.gr/images/sku_main_images/002062/2062345/20220107165631_ton_kairo_tou_voulgaroktonou.jpeg', 'Greek', 'κατάσκοποι, Βυζάντιο, θυσιάζουν δυνατές φιλίες για να φανούν αντάξιοι του χρέους τους'),
#86
#12
('978-1505573947', 'Journey to the Center of the Earth', 'A thrilling adventure novel that follows a scientist and his nephew as they embark on a journey deep into the Earth, encountering prehistoric creatures and discovering hidden wonders.', 320, 'https://m.media-amazon.com/images/I/414xSKdwi2L._SY291_BO1,204,203,200_QL40_FMwebp_.jpg', 'English', 'adventure, science fiction, exploration'),
('978-1853260315', 'Twenty Thousand Leagues Under the Sea', 'A classic science fiction novel about the adventures of Captain Nemo and his submarine, the Nautilus, as they explore the depths of the ocean and encounter extraordinary marine life.', 416, 'https://m.media-amazon.com/images/I/418yIAP0taL._SX323_BO1,204,203,200_.jpg', 'English', 'science fiction, adventure, underwater exploration'),
('978-0140367119', 'Around the World in Eighty Days', 'The story of Phileas Fogg and his attempt to travel around the world in 80 days, facing various challenges and adventures along the way.', 288, 'https://m.media-amazon.com/images/I/518DngPhHBL._SY291_BO1,204,203,200_QL40_FMwebp_.jpg', 'English', 'adventure, travel, race against time'),
('978-1840226249', 'The Mysterious Island', 'A group of castaways stranded on a deserted island must use their ingenuity and resourcefulness to survive and build a new civilization.', 560, 'https://m.media-amazon.com/images/I/412LyXW2MqL._SY291_BO1,204,203,200_QL40_FMwebp_.jpg', 'English', 'adventure, survival, castaways'),
('978-0140449112', 'From the Earth to the Moon', 'A novel that explores the idea of sending humans to the moon through the establishment of the Gun Club, a group of enthusiasts determined to launch a projectile to the moon.', 288, 'https://m.media-amazon.com/images/I/412LyXW2MqL._SX323_BO1,204,203,200_.jpg', 'English', 'science fiction, space exploration, moon'),
('978-0192804655', 'The Adventures of Captain Hatteras', 'Follow Captain John Hatteras and his crew as they embark on a dangerous expedition to reach the North Pole, facing extreme conditions and encountering unexpected challenges.', 336, 'https://m.media-amazon.com/images/I/51bNW+nbIAL._SY344_BO1,204,203,200_.jpg', 'English', 'adventure, exploration, polar expedition'),
#92
#13
('978-1517355371', 'Around the Moon', 'The sequel to "From the Earth to the Moon," this novel continues the journey of the characters as they actually travel around the moon in a spacecraft.', 256, 'https://m.media-amazon.com/images/I/41UwaJU6TDL._SX331_BO1,204,203,200_.jpg', 'English', 'science fiction, space travel, moon'),
('978-1481252768', 'Five Weeks in a Balloon', 'Join Dr. Samuel Fergusson and his companions as they embark on an adventurous balloon expedition across Africa, encountering various dangers and discoveries.', 400, 'https://m.media-amazon.com/images/I/51ebeK1nCwL._SX331_BO1,204,203,200_.jpg', 'English', 'adventure, exploration, Africa'),
('978-1521972359', 'The Children of Captain Grant', 'Two children, Mary and Robert, embark on a quest to find their missing father, Captain Grant, following a series of clues that lead them on a thrilling adventure around the world.', 448, 'https://m.media-amazon.com/images/I/51N74E9nH-L._SY291_BO1,204,203,200_QL40_FMwebp_.jpg', 'English', 'adventure, quest, family'),
('978-1594204166', 'The Floating City', 'Set in a future where cities are built on massive floating platforms, this novel explores the adventures and challenges faced by a group of characters living in one such city.', 416, 'https://m.media-amazon.com/images/I/51crPRZL9JL._SY291_BO1,204,203,200_QL40_FMwebp_.jpg', 'English', 'science fiction, floating cities, adventure'),
('978-1296955182', 'The Mysterious Island: The Secret of the Island', 'Continuing the story of "The Mysterious Island," this novel follows the characters as they uncover the secrets and mysteries of the island and encounter new challenges.', 432, 'https://m.media-amazon.com/images/I/31cpLjvST6L._SX313_BO1,204,203,200_.jpg', 'English', 'adventure, mystery, survival'),
('978-0891905189', 'Master of the World', 'A thrilling tale of a mysterious and powerful figure known as the "Master of the World" who wreaks havoc with his advanced technology, while a government agent tries to uncover his identity and stop his destructive plans.', 352, 'https://m.media-amazon.com/images/I/41Pfng4nE5L._SX296_BO1,204,203,200_.jpg', 'English', 'adventure, science fiction, mystery'),
#98
#14

('978-0803234840', 'The Secret of Wilhelm Storitz', 'A suspenseful tale about a scientist who discovers the secret of invisibility and uses it to wreak havoc, leading to a thrilling chase and a quest to reveal the truth.', 320, 'https://m.media-amazon.com/images/I/51VZRq8JbKL._SY291_BO1,204,203,200_QL40_FMwebp_.jpg', 'English', 'mystery, suspense, invisibility'),
('978-1432647896', 'The Green Ray', 'The story follows Helena Campbell, a young woman in search of the elusive "green ray" phenomenon, as she embarks on a journey of self-discovery and romance.', 256, 'https://m.media-amazon.com/images/I/31NcegdGuVL._SX331_BO1,204,203,200_.jpg', 'English', 'romance, self-discovery, nature'),
('978-1604503562', 'The Survivors of the Chancellor', 'A gripping account of the survivors aboard the sinking ship Chancellor and their struggle for survival on a lifeboat in the middle of the Atlantic Ocean.', 288, 'https://m.media-amazon.com/images/I/41iOVBYct6L._SY291_BO1,204,203,200_QL40_FMwebp_.jpg', 'English', 'survival, shipwreck, adventure'),
('978-1632206299', 'Michael Strogoff', 'Set in Imperial Russia, this thrilling novel follows the adventures of Michael Strogoff, a courier sent on a perilous journey across the country to deliver an important message to the tsar.', 432, 'https://m.media-amazon.com/images/I/41Sn2xH-gCL._SY291_BO1,204,203,200_QL40_FMwebp_.jpg', 'English', 'adventure, Russia, courier'),
('978-1515424284', 'The Blockade Runners', 'A tale of high-sea adventure and intrigue during the American Civil War, as the characters navigate dangerous waters and engage in smuggling operations.', 320, 'https://m.media-amazon.com/images/I/41bB9zr3T3L._SX312_BO1,204,203,200_.jpg', 'English', 'adventure, naval, American Civil War'),
#('‎978-0819577269', 'Robur the Conqueror', 'A story of a brilliant inventor named Robur and his incredible flying machine, as he challenges the world\'s greatest nations and showcases the power of his invention', 352, 'https://m.media-amazon.com/images/I/41QG2Yr0OhL._SX329_BO1,204,203,200_.jpg', 'English', 'adventure, invention, flying machine'),
#104
#15
('978-0486415871', 'Crime and Punishment', 'A psychological novel that explores the mind of the protagonist, Raskolnikov, as he plans and commits a murder and grapples with guilt and redemption.', 576, 'https://m.media-amazon.com/images/I/410iiFU2kiL._SY291_BO1,204,203,200_QL40_FMwebp_.jpg', 'English', 'psychological, crime, guilt, redemption'),
('978-0374528379', 'The Brothers Karamazov', 'A sweeping novel that delves into the lives of the three Karamazov brothers, their complex relationships, and their individual struggles with faith, morality, and the meaning of life.', 832, 'https://m.media-amazon.com/images/I/41PTrm1-hpL._SX333_BO1,204,203,200_.jpg', 'English', 'family, relationships, faith, morality'),
('978-0679734529', 'Notes from Underground', 'A novella that presents the rambling and introspective thoughts of an unnamed narrator, exploring themes of alienation, free will, and the nature of humanity.', 160, 'https://m.media-amazon.com/images/I/41novGr34wL._SY291_BO1,204,203,200_QL40_FMwebp_.jpg', 'English', 'existential, introspective, alienation'),
('978-0140447927', 'The Idiot', 'A novel centered around Prince Myshkin, an innocent and kind-hearted man who finds himself caught in a web of complex relationships and societal conventions, while embodying a sense of moral purity.', 672, 'https://m.media-amazon.com/images/I/51yvz7yNF6L._SX322_BO1,204,203,200_.jpg', 'English', 'social conventions, innocence, morality'),
('978-0141441412', 'Demons', 'Set against the backdrop of political and social turmoil, this novel explores the destructive power of radical ideologies and the chaos that ensues when passions and ideologies collide.', 768, 'https://m.media-amazon.com/images/I/51QZ3wXhw8L._SY291_BO1,204,203,200_QL40_FMwebp_.jpg', 'English', 'political turmoil, radical ideologies, chaos'),
('978-0486290812', 'The Gambler', 'A semi-autobiographical novel that follows the story of Alexey Ivanovich, a young tutor addicted to gambling, as he experiences the highs and lows of the casino world.', 192, 'https://m.media-amazon.com/images/I/418+cmD5XAL._SY344_BO1,204,203,200_.jpg', 'English', 'gambling, addiction, risk'),
('978-1979067904', 'The Possessed', 'Also known as "The Devils" or "Demons," this novel explores the revolutionary movements and ideological clashes in mid-19th-century Russia, drawing inspiration from real-life events.', 752, 'https://m.media-amazon.com/images/I/41yONN3-UeL._SY291_BO1,204,203,200_QL40_FMwebp_.jpg', 'English', 'revolutionary movements, ideological clashes, Russia'),
#111
#16
('978-1600960857', 'The Double', 'A psychological novella that tells the story of a government clerk who becomes obsessed with his doppelgänger, leading to a descent into madness and identity crisis.', 192, 'https://m.media-amazon.com/images/I/3197qjge0YL._SY291_BO1,204,203,200_QL40_FMwebp_.jpg', 'English', 'psychological, doppelgänger, identity crisis'),
('978-0393324907', 'The Adolescent', 'The story follows Arkady Dolgoruky, a young man navigating the complexities of adolescence, as he grapples with his identity, relationships, and his place in society.', 656, 'https://m.media-amazon.com/images/I/51ViCF6FjkL._SY291_BO1,204,203,200_QL40_FMwebp_.jpg', 'English', 'coming-of-age, identity, relationships'),
('978-0140446586', 'The Village of Stepanchikovo', 'A comedic novel set in a provincial Russian village, revolving around the eccentric characters and their interactions, highlighting themes of social dynamics and personal freedom.', 400, 'https://m.media-amazon.com/images/I/51zGks6tufL._SY291_BO1,204,203,200_QL40_FMwebp_.jpg', 'English', 'comedy, provincial life, social dynamics'),
('978-1847496560', 'The Eternal Husband', 'A tale of a complex relationship between a cuckolded husband and the widower of his wife’s lover, exploring themes of guilt, jealousy, and the nature of human relationships.', 192, 'https://m.media-amazon.com/images/I/51iZVUmPM1L._SY291_BO1,204,203,200_QL40_FMwebp_.jpg', 'English', 'relationships, guilt, jealousy'),
('978-0140445053', 'Poor Folk', 'Dostoevsky’s debut novel, a collection of letters between a poor clerk and a young woman, delving into their struggles, dreams, and the constraints of poverty in 19th-century Russia.', 192, 'https://www.amazon.com/Poor-Other-Stories-Penguin-Classics/dp/0140445056', 'English', 'poverty, correspondence, social critique'),
('978-1419160226', 'The Dream of a Ridiculous Man', 'A philosophical short story that follows the journey of a man who contemplates suicide, but instead experiences a transformative dream that leads to a new perspective on life.', 96, 'https://m.media-amazon.com/images/I/31d854E3ugL._SX404_BO1,204,203,200_.jpg', 'English', 'philosophical, introspective, transformation'),
('978-0810115187', 'Winter Notes on Summer Impressions', 'A travelogue recounting Dostoevsky’s experiences during his trip to Western Europe, offering observations and reflections on culture, society, and the nature of humanity.', 176, 'https://m.media-amazon.com/images/I/41lgqLE4ylL._SY291_BO1,204,203,200_QL40_FMwebp_.jpg', 'English', 'travelogue, cultural observations, reflections'),
#118
#17
('978-3257229530', 'Der Vorleser', 'Die Geschichte eines 15-jährigen Jungen namens Michael Berg, der eine leidenschaftliche Affäre mit einer älteren Frau, Hanna Schmitz, beginnt. Jahre später trifft er sie wieder, als er als Jura-Student an einem Gerichtsprozess teilnimmt, in dem Hanna wegen ihrer Vergangenheit angeklagt ist.', 272, 'https://www.lehmanns.de/media/69082737', 'German', 'Liebe, Schuld, Generationenkonflikt'),
('978-3518366752', 'Der Steppenwolf', 'Der Roman erzählt die Geschichte von Harry Haller, einem einsamen und innerlich zerrissenen Mann, der zwischen den zwei Seiten seiner Persönlichkeit, dem bürgerlichen Leben und seinem wilden, animalischen Steppenwolf-Ich, hin- und hergerissen ist.', 288, 'https://images.thalia.media/00/-/a04a2d5e57ac4049960b46261075d4a0/der-steppenwolf-taschenbuch-hermann-hesse.jpeg', 'German', 'Einsamkeit, Identitätssuche, Selbstzerfleischung'),
('978-3522128001', 'Die unendliche Geschichte', 'Das Buch erzählt die Geschichte des jungen Bastian Balthasar Bux, der in ein magisches Buch eintaucht und sich in der phantastischen Welt von Phantásien wiederfindet. Er muss die Welt vor dem Untergang retten und dabei auch seine eigenen Ängste und Unsicherheiten überwinden.', 448, 'https://m.media-amazon.com/images/I/51NQ7NBYXAL._SY264_BO1,204,203,200_QL40_ML2_.jpg', 'German', 'Fantasie, Abenteuer, Selbstentdeckung'),
('978-3257228007', 'Das Parfum', 'Die Geschichte von Jean-Baptiste Grenouille, einem Mann mit einem außergewöhnlichen Geruchssinn, der auf der Suche nach dem perfekten Duft ist. Er wird zum Serienmörder, um die Essenz der Schönheit und Perfektion einzufangen.', 368, 'https://m.media-amazon.com/images/I/414vZaFB8iL._SY291_BO1,204,203,200_QL40_FMwebp_.jpg', 'German', 'Geruchssinn, Besessenheit, Identität'),
('978-0199536214', 'Faust', 'Ein Drama von Johann Wolfgang von Goethe, das die Geschichte des Gelehrten Heinrich Faust erzählt, der einen Pakt mit dem Teufel Mephistopheles eingeht. Faust strebt nach Wissen, Macht und sinnlicher Erfüllung, doch der Pakt hat unvorhergesehene Konsequenzen.', 464, 'https://m.media-amazon.com/images/I/41lHylRXElL._SY291_BO1,204,203,200_QL40_FMwebp_.jpg', 'German', 'Pakt mit dem Teufel, Streben nach Wissen, Menschliche Begierde'),
('978-3103481280', 'Der Zauberberg', 'Die Geschichte des jungen Hans Castorp, der sich in einem Sanatorium in den Schweizer Alpen wiederfindet. Während seines mehrjährigen Aufenthalts erlebt er eine Zeit der Isolation, medizinischen Behandlungen und philosophischen Diskussionen, die sein Weltbild grundlegend verändern.', 992, 'https://m.media-amazon.com/images/I/516QIF8IkHL._SY264_BO1,204,203,200_QL40_ML2_.jpg', 'German', 'Sanatorium, Isolation, Zeitwahrnehmung'),
#124
#18
('978-3958551930', 'Der Prozess', 'Ein Roman von Franz Kafka, der die Geschichte des Bankangestellten Josef K. erzählt, der plötzlich ohne offensichtlichen Grund verhaftet und einem undurchsichtigen Gerichtsverfahren ausgesetzt wird. Der Roman erkundet die Themen der Bürokratie, Schuld und das Absurde.', 320, 'https://m.media-amazon.com/images/I/31KyKAuAyhL._SY264_BO1,204,203,200_QL40_ML2_.jpg', 'German', 'Bürokratie, Gerichtsverfahren, Absurdität'),
('978-3423118217', 'Die Blechtrommel', 'Die Geschichte des kleinen Oskar Matzerath, der beschließt, mit seinem dritten Geburtstag aufzuhören zu wachsen und stattdessen seine Umgebung mit seinem blechernen Trommelschlag zu beeinflussen. Das Buch schildert die turbulenten Ereignisse in Deutschland während des Zweiten Weltkriegs.', 784, 'https://pictures.abebooks.com/isbn/9783423118217-us.jpg', 'German', 'Zweiter Weltkrieg, Magischer Realismus, Wachstumsverweigerung'),
('978-3257230475', 'Die Physiker', 'Ein Theaterstück von Friedrich Dürrenmatt, das die Geschichte von drei Physikern in einer psychiatrischen Klinik erzählt, von denen jeder behauptet, Albert Einstein zu sein. Das Stück behandelt die Themen Wissenschaft, Ethik und die Verantwortung der Wissenschaftler.', 112, 'https://m.media-amazon.com/images/I/41E0dhQDh7L._SY291_BO1,204,203,200_QL40_FMwebp_.jpg', 'German', 'Wissenschaft, Identität, Ethik'),
('978-3462046335', 'Im Westen nichts Neues', 'Ein Roman von Erich Maria Remarque, der die Erfahrungen deutscher Soldaten im Ersten Weltkrieg aus der Perspektive des Protagonisten Paul Bäumer schildert. Das Buch beleuchtet die Grausamkeiten des Krieges und die physischen und psychischen Auswirkungen auf die Soldaten.', 352, 'https://m.media-amazon.com/images/I/41qBWfEHAhL._SY264_BO1,204,203,200_QL40_ML2_.jpg', 'German', 'Erster Weltkrieg, Antikriegsliteratur, Soldatenleben'),
('978-3518458006', 'Der Schatten des Windes', 'Ein Roman von Carlos Ruiz Zafón, der die Geschichte des jungen Daniel Sempere erzählt, der von einem geheimnisvollen Buch fasziniert ist und sich auf die Suche nach dem Autor begibt. Dabei entdeckt er eine Reihe von mysteriösen Ereignissen und Geheimnissen.', 592, 'https://m.media-amazon.com/images/I/41gpWWIqcXL._SY264_BO1,204,203,200_QL40_ML2_.jpg', 'German', 'Mysterium, Bücher, Barcelona'),
('978-3792000274', 'Der kleine Prinz', 'Ein philosophisches Märchen von Antoine de Saint-Exupéry über einen kleinen Prinzen, der von einem fernen Asteroiden kommt und auf seiner Reise durch das Universum verschiedene Planeten und deren Bewohner trifft. Das Buch behandelt Themen wie Freundschaft, Liebe und den Wert der Menschlichkeit.', 96, 'https://m.media-amazon.com/images/I/41wrx-Agc6L._SX298_BO1,204,203,200_.jpg', 'German', 'Märchen, Philosophie, Menschlichkeit'),
#130
#19
('978-0449300022', 'Les Misérables', 'Ce roman épique de Victor Hugo suit la vie de Jean Valjean, un ancien forçat, alors qu\'il tente de se racheter et de trouver la rédemption dans une société marquée par l\'injustice sociale et la misère. L\'histoire offre un panorama de la France du XIXe siècle.', 1952, 'https://m.media-amazon.com/images/I/51FdeFTCR0L._SX295_BO1,204,203,200_.jpg', 'French', 'Rédemption, Injustice sociale, Misère'),
('978-1607964155', 'Le Petit Prince', 'Le Petit Prince est une fable poétique qui raconte l\'histoire d\'un jeune prince venu d\'une autre planète. À travers ses rencontres avec différentes créatures, il explore des thèmes profonds tels que l\'amitié, l\'amour, la solitude et la quête de sens.', 96, 'https://m.media-amazon.com/images/I/41v6064sdNL._SY291_BO1,204,203,200_QL40_FMwebp_.jpg', 'French', 'Fable, Amitié, Quête de sens'),
('978-0140447422', 'Germinal', 'Germinal, écrit par Émile Zola, est un roman réaliste qui dépeint la vie difficile des mineurs de charbon et des ouvriers dans le nord de la France au XIXe siècle. Le livre aborde des thèmes tels que l\'exploitation des travailleurs, la lutte des classes et l\'espoir de changement social.', 608, 'https://m.media-amazon.com/images/I/51E9nqmNoUL._SY291_BO1,204,203,200_QL40_FMwebp_.jpg', 'French', 'Mineurs de charbon, Exploitation, Lutte des classes'),
('978-0140443158', 'Bel-Ami', 'Bel-Ami, écrit par Guy de Maupassant, suit l\'ascension sociale de Georges Duroy, un homme ambitieux et séducteur, à Paris à la fin du XIXe siècle. Le roman explore les thèmes de la manipulation, de l\'ambition dévorante et des jeux de pouvoir dans la société.', 448, 'https://m.media-amazon.com/images/I/414u4ik2y0L._SY291_BO1,204,203,200_QL40_FMwebp_.jpg', 'French', 'Ambition, Manipulation, Pouvoir'),
('978-2253098058', 'Le Comte de Monte-Cristo', 'Le Comte de Monte-Cristo, écrit par Alexandre Dumas, est un roman d\'aventure et de vengeance. Il raconte l\'histoire d\'Edmond Dantès, injustement emprisonné, qui parvient à s\'échapper et se lance dans une quête de vengeance contre ceux qui l\'ont trahi.', 1504, 'https://m.media-amazon.com/images/I/41Opbl1jQQL._SY291_BO1,204,203,200_QL40_FMwebp_.jpg', 'French', 'Aventure, Vengeance, Trahison'),
#135
#20
('978-2070412396', 'Le Rouge et le Noir', 'Le Rouge et le Noir, écrit par Stendhal, est un roman réaliste qui raconte l\'histoire de Julien Sorel, un jeune homme ambitieux et séducteur, en quête de réussite sociale dans la France du XIXe siècle. Le livre explore les thèmes de l\'amour, de la société et de l\'hypocrisie.', 576, 'https://m.media-amazon.com/images/I/31dNG59WWkL._SX301_BO1,204,203,200_.jpg', 'French', 'Ambition, Amour, Hypocrisie'),
('978-2070360420', 'La Peste', 'La Peste, écrit par Albert Camus, est un roman qui se déroule dans la ville d\'Oran, frappée par une épidémie de peste. L\'histoire suit les personnages alors qu\'ils font face à la maladie, à l\'isolement et à la question de la signification de la vie en temps de crise.', 320, 'https://m.media-amazon.com/images/I/41t7yOk9ekL._SY291_BO1,204,203,200_QL40_FMwebp_.jpg', 'French', 'Maladie, Isolement, Existentialisme'),
('978-2253030225', 'Voyage au bout de la nuit', 'Voyage au bout de la nuit, écrit par Louis-Ferdinand Céline, est un roman semi-autobiographique qui suit les aventures de Ferdinand Bardamu, un médecin pendant la Première Guerre mondiale et ses voyages à travers le monde. Le livre explore les thèmes de la guerre, de l\'aliénation et de la condition humaine.', 592, 'https://m.media-amazon.com/images/I/51L4EqRpwjL._SY291_BO1,204,203,200_QL40_ML2_.jpg', 'French', 'Guerre, Aliénation, Condition humaine'),
('978-2253007104', 'Les Fleurs du Mal', 'Les Fleurs du Mal, écrit par Charles Baudelaire, est un recueil de poèmes qui explore des thèmes tels que l\'amour, la mort, la beauté et la modernité. Les poèmes de Baudelaire ont été considérés comme scandaleux à l\'époque, mais ont depuis acquis une grande importance dans la poésie française.', 320, 'https://m.media-amazon.com/images/I/41CG9LjuxxL._SY291_BO1,204,203,200_QL40_ML2_.jpg', 'French', 'Poésie, Amour, Beauté'),
('978-2253140870', 'L\'Écume des jours', 'L\'Écume des jours, écrit par Boris Vian, est un roman surréaliste qui raconte l\'histoire d\'un jeune homme nommé Colin et de son amour pour Chloé, ainsi que leur vie dans un monde où la réalité est altérée. Le livre explore les thèmes de l\'amour, de la maladie et de la fugacité de la vie.', 320, 'https://m.media-amazon.com/images/I/41SDArkyAEL._SY291_BO1,204,203,200_QL40_ML2_.jpg', 'French', 'Surréalisme, Amour, Maladie'),
('978-2070364237', 'Le Petit Nicolas', 'Le Petit Nicolas, écrit par René Goscinny et illustré par Jean-Jacques Sempé, est une série de livres pour enfants qui raconte les aventures d\'un jeune garçon nommé Nicolas et de ses amis. Les histoires sont drôles, tendres et offrent un regard sur l\'enfance et la vie quotidienne.', 160, 'https://m.media-amazon.com/images/I/319rilH+YRL._SX302_BO1,204,203,200_.jpg', 'French', 'Enfance, Amitié, Humour'),
#141
#21
#('‎978-8437604947', 'Cien años de soledad', 'Cien años de soledad, escrito por Gabriel García Márquez, es una novela que narra la historia de la familia Buendía a lo largo de varias generaciones en el ficticio pueblo de Macondo. La obra combina elementos realistas y fantásticos y explora temas como el amor, la soledad y el destino.', 560, 'https://m.media-amazon.com/images/I/41VA17gY-aL._SY291_BO1,204,203,200_QL40_FMwebp_.jpg', 'Spanish', 'Realismo mágico, Familia, Destino'),
('978-1400093007', 'Don Quijote de la Mancha', 'Don Quijote de la Mancha, escrito por Miguel de Cervantes, es una de las obras más importantes de la literatura española. La novela sigue las aventuras de Don Quijote y su fiel escudero Sancho Panza en sus intentos por convertirse en caballeros andantes. La obra aborda temas como la locura, la idealización y la realidad.', 1056, 'https://m.media-amazon.com/images/I/516XGCH4FHL._SY291_BO1,204,203,200_QL40_FMwebp_.jpg', 'Spanish', 'Caballeros andantes, Locura, Realidad'),
('978-8408163435', 'La sombra del viento', 'La sombra del viento, escrita por Carlos Ruiz Zafón, es una novela ambientada en la Barcelona de la posguerra civil española. La historia sigue a un joven llamado Daniel Sempere mientras descubre un libro misterioso y se adentra en una trama llena de secretos y enigmas. La obra explora temas como el amor por los libros, el destino y la memoria.', 544, 'https://m.media-amazon.com/images/I/51CjSj-z4JL._SY264_BO1,204,203,200_QL40_ML2_.jpg', 'Spanish', 'Misterio, Barcelona, Memoria'),
('978-8466319058', 'Rayuela', 'Rayuela, escrita por Julio Cortázar, es una novela experimental que ofrece múltiples posibilidades de lectura. La obra presenta dos órdenes de lectura y propone al lector una experiencia interactiva y no lineal. Rayuela explora temas como el amor, la libertad y el juego literario.', 736, 'https://m.media-amazon.com/images/I/51+2v-YYYtL._SY344_BO1,204,203,200_.jpg', 'Spanish', 'Experimentación, Libertad, Juego literario'),
('978-0525433477', 'La casa de los espíritus', 'La casa de los espíritus, escrita por Isabel Allende, es una novela que sigue la historia de la familia Trueba a lo largo de varias décadas en un país latinoamericano no especificado. La obra aborda temas como la política, la magia y el poder, y combina elementos de realismo y fantasía.', 496, 'https://m.media-amazon.com/images/I/41XFupEm+ML._SY344_BO1,204,203,200_.jpg', 'Spanish', 'Realismo mágico, Familia, Política'),
('978-8439735427', 'El amor en los tiempos del cólera', 'El amor en los tiempos del cólera, escrito por Gabriel García Márquez, es una novela que narra la historia de amor entre Fermina Daza y Florentino Ariza a lo largo de varias décadas. La obra explora temas como el amor, el tiempo y la persistencia.', 464, 'https://m.media-amazon.com/images/I/51E5MsJpuhL._SY291_BO1,204,203,200_QL40_FMwebp_.jpg', 'Spanish', 'Amor, Tiempo, Persistencia'),
#147
#22
('978-8408163381', 'El laberinto de los espíritus', 'El laberinto de los espíritus, escrito por Carlos Ruiz Zafón, es la cuarta y última entrega de la serie "El Cementerio de los Libros Olvidados". La novela sigue a Alicia Gris mientras investiga misteriosas desapariciones y se sumerge en un laberinto de secretos y traiciones en la Barcelona de los años 50.', 896, 'https://m.media-amazon.com/images/I/5113iY6WsBL._SY264_BO1,204,203,200_QL40_ML2_.jpg', 'Spanish', 'Misterio, Traición, Barcelona'),
('978-0062511409', 'El alquimista', 'El alquimista, escrito por Paulo Coelho, es una novela que sigue el viaje de Santiago, un joven pastor, en busca de su tesoro personal. El libro explora temas como el destino, la búsqueda de significado y el poder de los sueños.', 208, 'https://m.media-amazon.com/images/I/51PWnU7c-CL._SY291_BO1,204,203,200_QL40_FMwebp_.jpg', 'Spanish', 'Destino, Significado, Sueños'),
('978-8823519107', 'Patria', 'Patria, escrita por Fernando Aramburu, es una novela que narra la historia de dos familias vasco-españolas en el contexto del conflicto armado en el País Vasco. La obra aborda temas como la violencia, la amistad y las consecuencias del conflicto en la sociedad.', 648, 'https://pictures.abebooks.com/isbn/9788490663196-us.jpg', 'Spanish', 'Conflicto armado, Violencia, Amistad'),
('978-0307474735', 'La catedral del mar', 'La catedral del mar, escrita por Ildefonso Falcones, es una novela histórica ambientada en la Barcelona medieval. La historia sigue a Arnau Estanyol, un siervo que trabaja en la construcción de la iglesia de Santa María del Mar. El libro aborda temas como la lucha por la libertad, la justicia y el poder.', 752, 'https://m.media-amazon.com/images/I/51gNl54mdlL._SY291_BO1,204,203,200_QL40_FMwebp_.jpg', 'Spanish', 'Barcelona medieval, Libertad, Justicia'),
('978-8476696538', 'El código Da Vinci', 'El código Da Vinci, escrito por Dan Brown, es un thriller de misterio que sigue al profesor de simbología Robert Langdon mientras investiga una serie de enigmas relacionados con el arte, la religión y la historia. El libro ofrece una mezcla de acción, intriga y revelaciones sorprendentes.', 592, 'https://m.media-amazon.com/images/I/51MrW5ThJYL._SX324_BO1,204,203,200_.jpg', 'Spanish', 'Thriller, Misterio, Arte');


insert into Author(Author_id, Name) values
(1, 'Penelope Delta'), (2, 'George R.R. Martin'), (3, 'J.R.R. Tolkien'), (4, 'Jules Verne'), (5, 'Fyodor Dostoevsky'), (6, 'Thomas Mann'), (7, 'Friedrich Nietzsche'),
(8, 'Boris Vian'), (9, 'Julio Cortázar'), (10, 'Fernando Aramburu'), (12, 'William Shakespeare'), (13, 'Jane Austen'), (14, 'Charles Dickens'), (15, 'George Orwell'),
(16, 'Virginia Woolf'), (17, 'Agatha Christie'), (18, 'William Wordsworth'), (19, 'Emily Brontë'), (20, 'Oscar Wilde'), (21, 'Lewis Carroll'), (22, 'D.H. Lawrence'),
(23, 'Bram Stoker'), (24, 'Aldous Huxley'), (25, 'Arthur Conan Doyle'), (26, 'George Eliot'), (27, 'Thomas Hardy'), (28, 'H.G. Wells'),
(29, 'Rudyard Kipling'), (30, 'J.K. Rowling');


insert into Book_Author(Author_id, ISBN) values
(7,	'978-0062265722'), (9, '978-0140447927'), (13, '978-0141441412'), (12, '978-0307588371'), (13, '978-0345339713'), (14, '978-0345345066'), (15, '978-0345518842'),
(4, '978-0374528379'), (3, '978-0375823732'), (3, '978-0395710418'), (5, '978-0486290812'), (5, '978-0486415871'), (3, '978-0544337992'), (3, '978-0547394572'),
(3, '978-0547928227'), (3, '978-0618056996'), (3, '978-0618134700'), (3, '978-0679734529'), (3, '978-1328613042'), (3, '978-1328791825'), (5, '978-1979067904'),
(16, '978-8476696538'), (17, '978-0007136551'), (18, '978-0007557271'), (19, '978-0060850524'), (20, '978-0061122415'), (21, '978-0062511409'), (22, '978-0066238500'),
(23, '978-0140367119'), (24, '978-0140443158'), (25, '978-0140445053'), (26, '978-0140446586'), (27, '978-0140447422'), (4, '978-0140449112'), (5, '978-0141439518'),
(28, '978-0141439556'), (29, '978-0141439570'), (12, '978-0141439662'), (13, '978-0141441146'), (14, '978-0142402535'), (15, '978-0142424179'), (16, '978-0192804655'),
(17, '978-0199536214'), (18, '978-0261102200'), (19, '978-0274808328'), (20, '978-0307387899'), (21, '978-0307474735'), (22, '978-0307743659'), (23, '978-0316015844'),
(24, '978-0316769488'), (25, '978-0345325815'), (26, '978-0345375216'), (27, '978-0345388186'), (28, '978-0370007724'), (29, '978-0375842209'), (12, '978-0385737951'),
(5, '978-0393324907'), (3, '978-0395489314'), (3, '978-0395606490'), (3, '978-0395827604'), (13, '978-0399590504'), (14, '978-0439023481'), (30, '978-0439064872'),
(30, '978-0439358064'), (30, '978-0439784549'), (8, '978-0449300022'), (9, '978-0525433477'), (3, '978-0544003415'), (3, '978-0544636341'), (30, '978-0545582938'),
(3, '978-0547154119'), (3, '978-0553108033'), (3, '978-0553381709'), (3, '978-0553418026'), (2, '978-0553582017'), (2, '978-0553582024'), (2, '978-0553593716'),
(2, '978-0618002245'), (2, '978-0618083572'), (3, '978-0618083596'), (3, '978-0618126996'), (15, '978-0671027346'), (16, '978-0679781585'), (17, '978-0743273565'),
(18, '978-0803234840'), (19, '978-0810115187'), (20, '978-0812550702'), (21, '978-0812988529'), (22, '978-0891905189'), (4, '978-1296955182'), (30, '978-1338878929'),
(30, '978-1338878956'), (30, '978-1338878981'), (10, '978-1400093007'), (23, '978-1419160226'), (24, '978-1432647896'), (25, '978-1451626657'), (26, '978-1481252768'),
(27, '978-1503280786'), (4, '978-1505573947'), (28, '978-1515424284'), (4, '978-1517355371'), (4, '978-1521972359'), (4, '978-1594204166'), (29, '978-1594483851'),
(12, '978-1594631931'), (13, '978-1594633669'), (14, '978-1600960857'), (15, '978-1604503562'), (8, '978-1607964155'), (2, '978-1632206299'), (4, '978-1840226249'),
(4, '978-1847496560'), (4, '978-1853260315'), (8, '978-2070360420'), (9, '978-2070364237'), (8, '978-2070412396'), (9, '978-2253007104'), (9, '978-2253030225'),
(10, '978-2253098058'), (10, '978-2253140870'), (6, '978-3103481280'), (7, '978-3125776920'), (6, '978-3257228007'), (7, '978-3257229530'), (6, '978-3257230475'),
(7, '978-3423118217'), (6, '978-3462046335'), (7, '978-3518366752'), (6, '978-3518458006'), (7, '978-3522128001'), (6, '978-3792000274'), (7, '978-3958551930'),
(1, '978-6180214086'), (1, '978-6180215496'), (1, '978-6180216615'), (25, '978-6589711377'), (26, '978-7543321726'), (10, '978-8408163381'), (10, '978-8408163435'),
(9, '978-8439735427'), (10, '978-8466319058'), (10, '978-8823519107'), (1, '978-9600432738'), (1, '978-9601673615'), (1, '978-9602631393'), (1, '978-9605017484'),
(1, '978-9606611179'), (1, '978-9609444477');



insert into Publisher(Publisher_id, Name) values
(1, 'Penguin Random House'), (2, 'HarperCollins'), (3, 'Hachette Book Group'), (4, 'Simon & Schuster'), (5, 'Macmillan Publishers'), (6, 'Scholastic Corporation'),
(7, 'Bloomsbury Publishin'), (8, 'Γαλάζια Βιβλιοθήκη'), (9, 'Hamilton House'), (10, 'Penguin Books'), (11, 'Vintage Books'), (12, 'Random House'),
(13, 'Little, Brown and Company'), (14, 'Faber & Faber'), (15, 'Allen & Unwin'), (16, 'Chronicle Books'), (17, 'Candlewick Press'), (18, 'Abrams Books'),
(19, 'Houghton Mifflin Harcourt'), (20, 'W.W. Norton & Company');


insert into Book_Publisher(Publisher_id, ISBN) values
(1, '978-0062265722'), (2, '978-0140447927'), (3, '978-0141441412'), (4, '978-0307588371'), (5, '978-0345339713'), (6, '978-0345345066'), (7, '978-0345518842'),
(12, '978-0374528379'), (9, '978-0375823732'), (10, '978-0395710418'), (12, '978-0486290812'), (13, '978-0486415871'), (14, '978-0544337992'), (15, '978-0547394572'),
#1
(16, '978-0547928227'), (17, '978-0618056996'), (18, '978-0618134700'), (19, '978-0679734529'), (20, '978-1328613042'), (1, '978-1328791825'), (2, '978-1979067904'),
(3, '978-8476696538'), (4, '978-0007136551'), (5, '978-0007557271'), (6, '978-0060850524'), (7, '978-0061122415'), (12, '978-0062511409'), (9, '978-0066238500'),
(10, '978-0140367119'), (11, '978-0140443158'), (13, '978-0140445053'), (14, '978-0140446586'), (15, '978-0140447422'), (16, '978-0140449112'), (17, '978-0141439518'),
(18, '978-0141439556'), (19, '978-0141439570'), (20, '978-0141439662'), (1, '978-0141441146'), 
#2
(2, '978-0142402535'), (3, '978-0142424179'), (4, '978-0192804655'), (5, '978-0199536214'), (6, '978-0261102200'), (7, '978-0274808328'), (9, '978-0307387899'),
(10, '978-0307474735'), (11, '978-0307743659'), (12, '978-0316015844'), (13, '978-0316769488'), (14, '978-0345325815'), (15, '978-0345375216'),
(16, '978-0345388186'), (17, '978-0370007724'), (18, '978-0375842209'), (19, '978-0385737951'), (20, '978-0393324907'), (1, '978-0395489314'),
(2, '978-0395606490'), (3, '978-0395827604'),  (4, '978-0399590504'), (5, '978-0439023481'), (6, '978-0439064872'), (7, '978-0439358064'), (9, '978-0439784549'),
(10, '978-0449300022'), (11, '978-0525433477'),  (12, '978-0544003415'), (13, '978-0544636341'), (14, '978-0545582938'), (15, '978-0547154119'), (17, '978-0553108033'),
(18, '978-0553381709'), (19, '978-0553418026'), (20, '978-0553582017'), (1, '978-0553582024'), (2, '978-0553593716'), (3, '978-0618002245'), (4, '978-0618083572'),
(5, '978-0618083596'), (6, '978-0618126996'), (7, '978-0671027346'), (7, '978-0679781585'), (9, '978-0743273565'), (10, '978-0803234840'), (11, '978-0810115187'),
(12, '978-0812550702'), (13, '978-0812988529'), (14, '978-0891905189'), (15, '978-1296955182'), (16, '978-1338878929'), (17, '978-1338878956'), (18, '978-1338878981'),
(19, '978-1400093007'), (20, '978-1419160226'), (1, '978-1432647896'), (2, '978-1451626657'), (3, '978-1481252768'), (4, '978-1503280786'), (5, '978-1505573947'),
(6, '978-1515424284'), (7, '978-1517355371'), (5, '978-1521972359'), (9, '978-1594204166'), (10, '978-1594483851'), (11, '978-1594631931'), (12, '978-1594633669'),
(13, '978-1600960857'), (14, '978-1604503562'), (15, '978-1607964155'), (16, '978-1632206299'), (17, '978-1840226249'), (18, '978-1847496560'), (19, '978-1853260315'),
(20, '978-2070360420'),
#4
(1, '978-2070364237'), (2, '978-2070412396'), (3, '978-2253007104'), (4, '978-2253030225'), (5, '978-2253098058'), (6, '978-2253140870'), (7, '978-3103481280'),
(9, '978-3125776920'), (10, '978-3257228007'), (11, '978-3257229530'), (12, '978-3257230475'), (13, '978-3423118217'), (14, '978-3462046335'), (15, '978-3518366752'),
(16, '978-3518458006'), (17, '978-3522128001'), (18, '978-3792000274'), (19, '978-3958551930'), (8, '978-6180214086'), (8, '978-6180215496'), (8, '978-6180216615'),
(9, '978-6589711377'), (10, '978-7543321726'), (11, '978-8408163381'), (12, '978-8408163435'), (13, '978-8439735427'), (14, '978-8466319058'), (15, '978-8823519107'),
(8, '978-9600432738'), (8, '978-9601673615'),  (8, '978-9602631393'), (8, '978-9605017484'), (8, '978-9606611179'), (8, '978-9609444477');


insert into Subject(Subject_name) values
('Fantasy'), ('Science_Fiction'), ('Thriller'),  ('Romance'), ('Historical_Fiction'), ('Horror'), ('Adventure'), ('Biography'), ('Poetry'),
('Satire'), ('Crime'), ('Drama'), ('Comedy'), ('Self_help'), ('Young_Adult'), ('Memoir'), ('Paranormal'), ('Western'), ('Inspirational');




insert into Book_Subject(Subject_id, ISBN) values 
(1, '978-0062265722'), (11, '978-0140447927'), (11, '978-0141441412'), (3, '978-0307588371'), (7, '978-0345339713'), (16, '978-0345345066'), (11, '978-0345518842'),
(11, '978-0374528379'), (1, '978-0375823732'), (1, '978-0395710418'), (11, '978-0486290812'), (11, '978-0486415871'), (1, '978-0544337992'), (1, '978-0547394572'),
(1, '978-0547928227'), (1, '978-0618056996'), (1, '978-0618134700'), (1, '978-0679734529'), (1, '978-1328613042'), (1, '978-1328791825'), (11, '978-1979067904'),
(13, '978-8476696538'), (18, '978-0007136551'), (3, '978-0007557271'), (3, '978-0060850524'), (3, '978-0061122415'), (3, '978-0062511409'), (2, '978-0066238500'),
(11, '978-0140367119'), (1, '978-0140443158'), (7, '978-0140445053'), (6, '978-0140446586'), (3, '978-0140447422'), (1, '978-0140449112'), (11, '978-0141439518'),
(4, '978-0141439556'), (4, '978-0141439570'), (7, '978-0141439662'), (8, '978-0141441146'), (3, '978-0142402535'), (9, '978-0142424179'), (7, '978-0192804655'),
(2, '978-0199536214'), (2, '978-0261102200'), (10, '978-0274808328'), (11, '978-0307387899'), (12, '978-0307474735'), (13, '978-0307743659'), (14, '978-0316015844'),
(15, '978-0316769488'), (16, '978-0345325815'), (17, '978-0345375216'), (18, '978-0345388186'), (19, '978-0370007724'), (5, '978-0375842209'), (7, '978-0385737951'),
(11, '978-0393324907'), (1, '978-0395489314'), (1, '978-0395606490'), (1, '978-0395827604'), (13, '978-0399590504'), (14, '978-0439023481'), (1, '978-0439064872'),
(1, '978-0439358064'), (1, '978-0439784549'), (16, '978-0449300022'), (15, '978-0525433477'), (1, '978-0544003415'), (1, '978-0544636341'), (1, '978-0545582938'),
(1, '978-0547154119'), (1, '978-0553108033'), (1, '978-0553381709'), (1, '978-0553418026'), (1, '978-0553582017'), (1, '978-0553582024'), (1, '978-0553593716'),
(1, '978-0618002245'), (1, '978-0618083572'), (1, '978-0618083596'), (1, '978-0618126996'), (1, '978-0671027346'), (2, '978-0679781585'), (3, '978-0743273565'),
(4, '978-0803234840'), (15, '978-0810115187'), (6, '978-0812550702'), (7, '978-0812988529'), (8, '978-0891905189'), (1, '978-1296955182'), (1, '978-1338878929'),
(1, '978-1338878956'), (1, '978-1338878981'), (9, '978-1400093007'), (10, '978-1419160226'), (11, '978-1432647896'), (12, '978-1451626657'), (13, '978-1481252768'),
(14, '978-1503280786'), (1, '978-1505573947'), (15, '978-1515424284'), (1, '978-1517355371'), (1, '978-1521972359'), (1, '978-1594204166'), (16, '978-1594483851'),
(17, '978-1594631931'), (18, '978-1594633669'), (19, '978-1600960857'), (5, '978-1604503562'), (7, '978-1607964155'), (1, '978-1632206299'), (1, '978-1840226249'),
(1, '978-1847496560'), (1, '978-1853260315'), (4, '978-2070360420'), (3, '978-2070364237'), (10, '978-2070412396'), (11, '978-2253007104'), (8, '978-2253030225'),
(3, '978-2253098058'), (8, '978-2253140870'), (1, '978-3103481280'), (2, '978-3125776920'), (3, '978-3257228007'), (4, '978-3257229530'), (6, '978-3257230475'),
(7, '978-3423118217'), (8, '978-3462046335'), (9, '978-3518366752'), (10, '978-3518458006'), (11, '978-3522128001'), (12, '978-3792000274'), (13, '978-3958551930'),
(1, '978-6180214086'), (1, '978-6180215496'),(1, '978-6180216615'), (14, '978-6589711377'), (15, '978-7543321726'), (16, '978-8408163381'), (17, '978-8408163435'),
(18, '978-8439735427'), (19, '978-8466319058'), (5, '978-8823519107'), (1, '978-9600432738'), (1, '978-9601673615'), (1, '978-9602631393'), (1, '978-9605017484'),
(1, '978-9606611179'), (1, '978-9609444477'), (15, '978-2253140870'),
(8, '978-0062265722'), (5, '978-0140447927'), (5, '978-0141441412'), (2, '978-0062265722'), (15, '978-0140447927'), (15, '978-0141441412'), (15, '978-0374528379'),
(2, '978-0375823732'), (2, '978-0395710418'), (15, '978-0486290812'), (15, '978-0486415871'), (2, '978-0544337992'), (2, '978-0547394572'), (2, '978-0547928227'),
(2, '978-0618056996'), (2, '978-0618134700'), (2, '978-0679734529'), (2, '978-1328613042'), (2, '978-1328791825'), (15, '978-1979067904'), (5, '978-0374528379'),
(8, '978-0375823732'), (8, '978-0395710418'), (5, '978-0486290812'), (5, '978-0486415871'), (8, '978-0544337992'), (8, '978-0547394572'), (8, '978-0547928227'),
(8, '978-0618056996'), (8, '978-0618134700'), (8, '978-0679734529'), (8, '978-1328613042'), (8, '978-1328791825'), (5, '978-1979067904'), (2, '978-0140449112'),
(15, '978-0141439518'), (8, '978-0140449112'), (5, '978-0141439518'), (15, '978-0393324907'), (2, '978-0395489314'), (2, '978-0395606490'), (2, '978-0395827604'),
(4, '978-1296955182'), (9, '978-1338878929'), (2, '978-1338878956'), (2, '978-1338878981'), (5, '978-0393324907'), (2, '978-0439064872'), (2, '978-0439358064'),
(2, '978-0439784549'), (8, '978-0439064872'), (8, '978-0439358064'), (8, '978-0439784549'), (2, '978-0544003415'), (2, '978-0544636341'), (2, '978-0545582938'),
(2, '978-0547154119'), (2, '978-0553108033'), (2, '978-0553381709'), (2, '978-0553418026'), (2, '978-0553582017'), (2, '978-0553582024'), (2, '978-0553593716'),
(2, '978-0618002245'), (2, '978-0618083572'), (2, '978-0618083596'), (2, '978-0618126996'), (8, '978-0544003415'), (8, '978-0544636341'), (8, '978-0545582938'),
(8, '978-0547154119'), (8, '978-0553108033'), (8, '978-0553381709'), (8, '978-0553418026'), (8, '978-0553582017'), (8, '978-0553582024'), (8, '978-0553593716'),
(8, '978-0618002245'), (8, '978-0618083572'), (8, '978-0618083596'), (8, '978-0618126996'), (2, '978-1296955182'), (2, '978-1338878929'), (3, '978-1338878956'),
(7, '978-1338878981'), (8, '978-1296955182'), (8, '978-1338878929'), (4, '978-1338878956'), (8, '978-1338878981'), (2, '978-1505573947'), (2, '978-1517355371'),
(2, '978-1521972359'), (2, '978-1594204166'), (8, '978-1505573947'), (8, '978-1517355371'), (8, '978-1521972359'), (8, '978-1594204166'), (2, '978-1632206299'),
(2, '978-1840226249'), (2, '978-1847496560'), (2, '978-1853260315'), (8, '978-1632206299'), (8, '978-1840226249'), (8, '978-1847496560'), (8, '978-1853260315'),
(6, '978-6180214086'), (6, '978-6180215496'), (6, '978-6180216615'), (6, '978-9600432738'), (6, '978-9601673615'), (6, '978-9602631393'), (6, '978-9605017484'),
(6, '978-9606611179'), (6, '978-9609444477'), (13, '978-6180214086'), (13, '978-6180215496'), (13, '978-6180216615'), (13, '978-9600432738'), (13, '978-9601673615'),
(13, '978-9602631393'), (13, '978-9605017484'), (13, '978-9606611179'), (13, '978-9609444477'), (5, '978-6180214086'), (5, '978-6180215496'), (5, '978-6180216615'),
(19, '978-9600432738'), (19, '978-9601673615'), (5, '978-9602631393'), (5, '978-9605017484'), (5, '978-9606611179'), (5, '978-9609444477'), (6, '978-0307588371'),
(18, '978-0345339713'), (17, '978-0345345066'), (19, '978-0345518842'), (14, '978-0307588371'), (19, '978-0345339713'), (17, '978-8476696538'), (5, '978-0007136551'),
(4, '978-0007557271'), (4, '978-0060850524'), (4, '978-0061122415'), (7, '978-0062511409'), (6, '978-0066238500'), (13, '978-0140367119'), (7, '978-0140443158'),
(8, '978-0140445053'), (9, '978-0140446586'), (10, '978-0140447422'), (13, '978-0007557271'), (13, '978-0060850524'), (16, '978-0061122415'), (9, '978-0062511409'),
(19, '978-0066238500'), (18, '978-0140367119'), (5, '978-0140443158'), (16, '978-0140445053'), (17, '978-0140446586'), (5, '978-0140447422'), (9, '978-0141439556'),
(6, '978-0141439570'), (8, '978-0141439662'), (9, '978-0141441146'), (7, '978-0142402535'), (7, '978-0142424179'), (4, '978-0192804655'), (6, '978-0199536214'),
(11, '978-0141439556'), (13, '978-0141439570'), (5, '978-0141439662'), (10, '978-0141441146'), (14, '978-0142402535'), (16, '978-0142424179'),(18, '978-0192804655'),
(19, '978-0199536214'), (16, '978-2070360420'), (6, '978-2070364237'), (12, '978-2070412396'), (15, '978-2253007104'),(14, '978-2253030225'), (14, '978-2253098058'),
(11, '978-2253140870'), (9, '978-2070360420'), (17, '978-2070364237'), (18, '978-2070412396'), (5, '978-2253007104'), (19, '978-2253030225'), (17, '978-2253098058');
INSERT INTO Copies (ISBN, No_of_copies, School_name)
values   
('978-0007557271', 3, '1ο Γυμνάσιο Ν.Ιωνίας'), ('978-0060850524', 13, '1ο Γυμνάσιο Ν.Ιωνίας'), ('978-0062265722', 9, '1ο Γυμνάσιο Ν.Ιωνίας'),
('978-0062511409', 15, '1ο Γυμνάσιο Ν.Ιωνίας'), ('978-0066238500', 2, '1ο Γυμνάσιο Ν.Ιωνίας'), ('978-0140367119', 4, '1ο Γυμνάσιο Ν.Ιωνίας'), ('978-0140443158', 4, '1ο Γυμνάσιο Ν.Ιωνίας'),
('978-0140445053', 4, '1ο Γυμνάσιο Ν.Ιωνίας'), ('978-0140446586', 3, '1ο Γυμνάσιο Ν.Ιωνίας'), ('978-0140447422', 1, '1ο Γυμνάσιο Ν.Ιωνίας'), ('978-0140447927', 11, '1ο Γυμνάσιο Ν.Ιωνίας'),
('978-0140449112', 6, '1ο Γυμνάσιο Ν.Ιωνίας'), ('978-0141439518', 8, '1ο Γυμνάσιο Ν.Ιωνίας'), ('978-0141439570', 12, '1ο Γυμνάσιο Ν.Ιωνίας'),
('978-0141439662', 4, '1ο Γυμνάσιο Ν.Ιωνίας'), ('978-0141441146', 8, '1ο Γυμνάσιο Ν.Ιωνίας'), ('978-0007136551', 3, '1ο Γυμνάσιο Ν.Ιωνίας'),
('978-0061122415', 7, '1ο Γυμνάσιο Ν.Ιωνίας'), ('978-0141439556', 11, '1ο Γυμνάσιο Ν.Ιωνίας'),
('978-0141441412', 5, '1ο Γυμνάσιο Ν.Ιωνίας'), ('978-0142402535', 13, '1ο Γυμνάσιο Ν.Ιωνίας'), ('978-0142424179', 7, '1ο Γυμνάσιο Ν.Ιωνίας'), ('978-0192804655', 10, '1ο Γυμνάσιο Ν.Ιωνίας'),
('978-0199536214', 10, '1ο Γυμνάσιο Ν.Ιωνίας'), ('978-0261102200', 11, '1ο Γυμνάσιο Ν.Ιωνίας'), ('978-0274808328', 4, '1ο Γυμνάσιο Ν.Ιωνίας'), ('978-0307387899', 15, '1ο Γυμνάσιο Ν.Ιωνίας'),
('978-0307474735', 8, '1ο Γυμνάσιο Ν.Ιωνίας'), ('978-0307588371', 1, '1ο Γυμνάσιο Ν.Ιωνίας'), ('978-0307743659', 4, '1ο Γυμνάσιο Ν.Ιωνίας'), ('978-0316015844', 3, '1ο Γυμνάσιο Ν.Ιωνίας'),
('978-0316769488', 5, '1ο Γυμνάσιο Ν.Ιωνίας'), ('978-0345325815', 13, '1ο Γυμνάσιο Ν.Ιωνίας'), ('978-0345339713', 2, '1ο Γυμνάσιο Ν.Ιωνίας'), ('978-0345345066', 9, '1ο Γυμνάσιο Ν.Ιωνίας'),
('978-0345375216', 15, '1ο Γυμνάσιο Ν.Ιωνίας'), ('978-0345388186', 5, '1ο Γυμνάσιο Ν.Ιωνίας'), ('978-0345518842', 3, '1ο Γυμνάσιο Ν.Ιωνίας'), ('978-0370007724', 12, '1ο Γυμνάσιο Ν.Ιωνίας'),
('978-0374528379', 8, '1ο Γυμνάσιο Ν.Ιωνίας'), ('978-0375823732', 11, '1ο Γυμνάσιο Ν.Ιωνίας'), ('978-0375842209', 13, '1ο Γυμνάσιο Ν.Ιωνίας'), ('978-0385737951', 15, '1ο Γυμνάσιο Ν.Ιωνίας'),
('978-0393324907', 11, '1ο Γυμνάσιο Ν.Ιωνίας'), ('978-0395489314', 13, '1ο Γυμνάσιο Ν.Ιωνίας'), ('978-0395606490', 13, '1ο Γυμνάσιο Ν.Ιωνίας'), ('978-0395710418', 2, '1ο Γυμνάσιο Ν.Ιωνίας'),
('978-0395827604', 6, '1ο Γυμνάσιο Ν.Ιωνίας'), ('978-0399590504', 3, '1ο Γυμνάσιο Ν.Ιωνίας'), ('978-0439023481', 3, '2ο Γυμνάσιο Κηφισιάς'), ('978-0439064872', 2, '2ο Γυμνάσιο Κηφισιάς'),
('978-0439358064', 10, '2ο Γυμνάσιο Κηφισιάς'), ('978-0439784549', 8, '2ο Γυμνάσιο Κηφισιάς'), ('978-0449300022', 1, '2ο Γυμνάσιο Κηφισιάς'), ('978-0486290812', 4, '2ο Γυμνάσιο Κηφισιάς'),
('978-0486415871', 3, '2ο Γυμνάσιο Κηφισιάς'), ('978-0525433477', 15, '2ο Γυμνάσιο Κηφισιάς'), ('978-0544003415', 10, '2ο Γυμνάσιο Κηφισιάς'), ('978-0544337992', 14, '2ο Γυμνάσιο Κηφισιάς'),
('978-0544636341', 10, '2ο Γυμνάσιο Κηφισιάς'), ('978-0545582938', 4, '2ο Γυμνάσιο Κηφισιάς'), ('978-0547154119', 6, '2ο Γυμνάσιο Κηφισιάς'), ('978-0547394572', 1, '2ο Γυμνάσιο Κηφισιάς'),
('978-0547928227', 15, '2ο Γυμνάσιο Κηφισιάς'), ('978-0553108033', 15, '2ο Γυμνάσιο Κηφισιάς'), ('978-0553381709', 10, '2ο Γυμνάσιο Κηφισιάς'), ('978-0553418026', 12, '2ο Γυμνάσιο Κηφισιάς'),
('978-0553582017', 14, '2ο Γυμνάσιο Κηφισιάς'), ('978-0553582024', 10, '2ο Γυμνάσιο Κηφισιάς'), ('978-0553593716', 9, '2ο Γυμνάσιο Κηφισιάς'), ('978-0618002245', 15, '2ο Γυμνάσιο Κηφισιάς'),
('978-0618056996', 5, '2ο Γυμνάσιο Κηφισιάς'), ('978-0618083572', 9, '2ο Γυμνάσιο Κηφισιάς'), ('978-0618083596', 5, '2ο Γυμνάσιο Κηφισιάς'), ('978-0618126996', 14, '2ο Γυμνάσιο Κηφισιάς'),
('978-0618134700', 13, '2ο Γυμνάσιο Κηφισιάς'), ('978-0671027346', 1, '2ο Γυμνάσιο Κηφισιάς'), ('978-0679734529', 4, '2ο Γυμνάσιο Κηφισιάς'), ('978-0679781585', 15, '2ο Γυμνάσιο Κηφισιάς'),
('978-0743273565', 14, '2ο Γυμνάσιο Κηφισιάς'), ('978-0803234840', 14, '2ο Γυμνάσιο Κηφισιάς'), ('978-0810115187', 14, '2ο Γυμνάσιο Κηφισιάς'), ('978-0812550702', 1, '2ο Γυμνάσιο Κηφισιάς'),
('978-0812988529', 9, '2ο Γυμνάσιο Κηφισιάς'), ('978-0891905189', 2, '2ο Γυμνάσιο Κηφισιάς'), ('978-1296955182', 11, '2ο Γυμνάσιο Κηφισιάς'), ('978-1328613042', 5, '2ο Γυμνάσιο Κηφισιάς'),
('978-1328791825', 5, '2ο Γυμνάσιο Κηφισιάς'), ('978-1338878929', 3, '2ο Γυμνάσιο Κηφισιάς'), ('978-1338878956', 1, '2ο Γυμνάσιο Κηφισιάς'), ('978-1338878981', 12, '2ο Γυμνάσιο Κηφισιάς'),
('978-1400093007', 10, '2ο Γυμνάσιο Κηφισιάς'), ('978-1419160226', 12, '2ο Γυμνάσιο Κηφισιάς'), ('978-1432647896', 1, '2ο Γυμνάσιο Κηφισιάς'), ('978-1451626657', 11, '2ο Γυμνάσιο Κηφισιάς'),
('978-1481252768', 12, '2ο Γυμνάσιο Κηφισιάς'), ('978-1503280786', 10, '2ο Γυμνάσιο Κηφισιάς'), ('978-1505573947', 10, '2ο Γυμνάσιο Κηφισιάς'), ('978-1515424284', 5, '2ο Γυμνάσιο Κηφισιάς'),
('978-1521972359', 1, '3ο Γυμνάσιο Αμαρουσίου'), ('978-1594204166', 5, '3ο Γυμνάσιο Αμαρουσίου'), ('978-1594483851', 6, '3ο Γυμνάσιο Αμαρουσίου'),
('978-1594631931', 1, '3ο Γυμνάσιο Αμαρουσίου'), ('978-1594633669', 1, '3ο Γυμνάσιο Αμαρουσίου'), ('978-1600960857', 4, '3ο Γυμνάσιο Αμαρουσίου'), ('978-1604503562', 4, '3ο Γυμνάσιο Αμαρουσίου'),
('978-1607964155', 9, '3ο Γυμνάσιο Αμαρουσίου'), ('978-1632206299', 6, '3ο Γυμνάσιο Αμαρουσίου'), ('978-1840226249', 10, '3ο Γυμνάσιο Αμαρουσίου'), ('978-1847496560', 10, '3ο Γυμνάσιο Αμαρουσίου'),
('978-1853260315', 4, '3ο Γυμνάσιο Αμαρουσίου'), ('978-1979067904', 14, '3ο Γυμνάσιο Αμαρουσίου'), ('978-2070360420', 12, '3ο Γυμνάσιο Αμαρουσίου'), ('978-2070364237', 15, '3ο Γυμνάσιο Αμαρουσίου'),
('978-2070412396', 14, '3ο Γυμνάσιο Αμαρουσίου'), ('978-2253007104', 6, '3ο Γυμνάσιο Αμαρουσίου'), ('978-2253030225', 3, '3ο Γυμνάσιο Αμαρουσίου'), ('978-2253098058', 14, '3ο Γυμνάσιο Αμαρουσίου'),
('978-2253140870', 8, '3ο Γυμνάσιο Αμαρουσίου'), ('978-3103481280', 13, '3ο Γυμνάσιο Αμαρουσίου'), ('978-3125776920', 10, '3ο Γυμνάσιο Αμαρουσίου'), ('978-3257228007', 10, '3ο Γυμνάσιο Αμαρουσίου'),
('978-3257229530', 5, '3ο Γυμνάσιο Αμαρουσίου'), ('978-3257230475', 7, '3ο Γυμνάσιο Αμαρουσίου'), ('978-3423118217', 3, '3ο Γυμνάσιο Αμαρουσίου'), ('978-3462046335', 14, '3ο Γυμνάσιο Αμαρουσίου'),
('978-3518366752', 12, '3ο Γυμνάσιο Αμαρουσίου'), ('978-3518458006', 3, '3ο Γυμνάσιο Αμαρουσίου'), ('978-3522128001', 4, '3ο Γυμνάσιο Αμαρουσίου'), ('978-3792000274', 14, '3ο Γυμνάσιο Αμαρουσίου'),
('978-3958551930', 3, '3ο Γυμνάσιο Αμαρουσίου'), ('978-6180214086', 8, '3ο Γυμνάσιο Αμαρουσίου'),('978-6180215496', 4, '3ο Γυμνάσιο Αμαρουσίου'), ('978-6180216615', 7, '3ο Γυμνάσιο Αμαρουσίου'),
('978-6589711377', 13, '3ο Γυμνάσιο Αμαρουσίου'), ('978-7543321726', 1, '3ο Γυμνάσιο Αμαρουσίου'), ('978-8408163381', 12, '3ο Γυμνάσιο Αμαρουσίου'), ('978-8408163435', 1, '3ο Γυμνάσιο Αμαρουσίου'),
('978-8439735427', 14, '3ο Γυμνάσιο Αμαρουσίου'), ('978-8466319058', 7, '3ο Γυμνάσιο Αμαρουσίου'), ('978-8476696538', 13, '3ο Γυμνάσιο Αμαρουσίου'), ('978-8823519107', 8, '3ο Γυμνάσιο Αμαρουσίου'),
('978-9600432738', 6, '3ο Γυμνάσιο Αμαρουσίου'), ('978-9601673615', 5, '3ο Γυμνάσιο Αμαρουσίου'), ('978-9602631393', 13, '3ο Γυμνάσιο Αμαρουσίου'), ('978-9605017484', 13, '3ο Γυμνάσιο Αμαρουσίου'),
('978-9606611179', 6, '3ο Γυμνάσιο Αμαρουσίου'), ('978-9609444477', 2, '3ο Γυμνάσιο Αμαρουσίου'), ('978-0007136551', 3, '4ο Λύκειο Θεσσαλονίκης'),
('978-0007557271', 1, '4ο Λύκειο Θεσσαλονίκης'), ('978-0060850524', 1, '4ο Λύκειο Θεσσαλονίκης'), ('978-0061122415', 12, '4ο Λύκειο Θεσσαλονίκης'), ('978-0062265722', 14, '4ο Λύκειο Θεσσαλονίκης'),
('978-0062511409', 15, '4ο Λύκειο Θεσσαλονίκης'), ('978-0066238500', 7, '4ο Λύκειο Θεσσαλονίκης'), ('978-0140367119', 3, '4ο Λύκειο Θεσσαλονίκης'), ('978-0140443158', 3, '4ο Λύκειο Θεσσαλονίκης'),
('978-0140445053', 15, '4ο Λύκειο Θεσσαλονίκης'), ('978-0140446586', 11, '4ο Λύκειο Θεσσαλονίκης'), ('978-0140447422', 14, '4ο Λύκειο Θεσσαλονίκης'), ('978-0140447927', 13, '4ο Λύκειο Θεσσαλονίκης'),
('978-0140449112', 7, '4ο Λύκειο Θεσσαλονίκης'), ('978-0141439518', 15, '4ο Λύκειο Θεσσαλονίκης'), ('978-0141439556', 11, '4ο Λύκειο Θεσσαλονίκης'), ('978-0141439570', 9, '4ο Λύκειο Θεσσαλονίκης'),
('978-0141439662', 14, '4ο Λύκειο Θεσσαλονίκης'), ('978-0141441146', 11, '4ο Λύκειο Θεσσαλονίκης'), ('978-0141441412', 13, '4ο Λύκειο Θεσσαλονίκης'), ('978-0142402535', 7, '4ο Λύκειο Θεσσαλονίκης'),
('978-0142424179', 5, '4ο Λύκειο Θεσσαλονίκης'), ('978-0192804655', 4, '4ο Λύκειο Θεσσαλονίκης'), ('978-0199536214', 5, '4ο Λύκειο Θεσσαλονίκης'), ('978-0261102200', 8, '4ο Λύκειο Θεσσαλονίκης'),
('978-0274808328', 1, '4ο Λύκειο Θεσσαλονίκης'), ('978-0307387899', 2, '4ο Λύκειο Θεσσαλονίκης'), ('978-0307474735', 13, '4ο Λύκειο Θεσσαλονίκης'), ('978-0307588371', 15, '4ο Λύκειο Θεσσαλονίκης'),
('978-0307743659', 15, '4ο Λύκειο Θεσσαλονίκης'), ('978-0316015844', 6, '4ο Λύκειο Θεσσαλονίκης'), ('978-0316769488', 8, '4ο Λύκειο Θεσσαλονίκης'), ('978-0345325815', 11, '4ο Λύκειο Θεσσαλονίκης'),
('978-0345339713', 1, '4ο Λύκειο Θεσσαλονίκης'), ('978-0345345066', 9, '4ο Λύκειο Θεσσαλονίκης'), ('978-0345375216', 7, '4ο Λύκειο Θεσσαλονίκης'), ('978-0345388186', 4, '4ο Λύκειο Θεσσαλονίκης'),
('978-0345518842', 2, '4ο Λύκειο Θεσσαλονίκης'), ('978-0370007724', 15, '4ο Λύκειο Θεσσαλονίκης'), ('978-0374528379', 9, '4ο Λύκειο Θεσσαλονίκης'), ('978-0375823732', 5, '4ο Λύκειο Θεσσαλονίκης'),
('978-0375842209', 11, '4ο Λύκειο Θεσσαλονίκης'), ('978-0385737951', 7, '4ο Λύκειο Θεσσαλονίκης'), ('978-0393324907', 15, '4ο Λύκειο Θεσσαλονίκης'), ('978-0395489314', 15, '4ο Λύκειο Θεσσαλονίκης'),
('978-0395606490', 3, '4ο Λύκειο Θεσσαλονίκης'), ('978-0395710418', 7, '4ο Λύκειο Θεσσαλονίκης'), ('978-0395827604', 5, '4ο Λύκειο Θεσσαλονίκης'), ('978-0399590504', 13, '4ο Λύκειο Θεσσαλονίκης'),
('978-0439064872', 8, '5ο Λύκειο Πάτρας'), ('978-0439358064', 6, '5ο Λύκειο Πάτρας'), ('978-0439784549', 6, '5ο Λύκειο Πάτρας'),
('978-0449300022', 15, '5ο Λύκειο Πάτρας'), ('978-0486290812', 3, '5ο Λύκειο Πάτρας'), ('978-0486415871', 7, '5ο Λύκειο Πάτρας'), ('978-0525433477', 9, '5ο Λύκειο Πάτρας'),
('978-0544003415', 15, '5ο Λύκειο Πάτρας'), ('978-0544337992', 10, '5ο Λύκειο Πάτρας'), ('978-0544636341', 7, '5ο Λύκειο Πάτρας'), ('978-0545582938', 9, '5ο Λύκειο Πάτρας'),
('978-0547154119', 2, '5ο Λύκειο Πάτρας'), ('978-0547394572', 6, '5ο Λύκειο Πάτρας'), ('978-0547928227', 6, '5ο Λύκειο Πάτρας'), ('978-0553108033', 1, '5ο Λύκειο Πάτρας'),
('978-0553381709', 6, '5ο Λύκειο Πάτρας'), ('978-0553418026', 1, '5ο Λύκειο Πάτρας'), ('978-0553582017', 4, '5ο Λύκειο Πάτρας'), ('978-0553582024', 10, '5ο Λύκειο Πάτρας'),
('978-0553593716', 10, '5ο Λύκειο Πάτρας'), ('978-0618002245', 11, '5ο Λύκειο Πάτρας'), ('978-0618056996', 4, '5ο Λύκειο Πάτρας'), ('978-0618083572', 11, '5ο Λύκειο Πάτρας'),
('978-0618083596', 6, '5ο Λύκειο Πάτρας'), ('978-0618126996', 9, '5ο Λύκειο Πάτρας'), ('978-0618134700', 11, '5ο Λύκειο Πάτρας'), ('978-0671027346', 7, '5ο Λύκειο Πάτρας'),
('978-0679734529', 2, '5ο Λύκειο Πάτρας'), ('978-0679781585', 8, '5ο Λύκειο Πάτρας'), ('978-0743273565', 2, '5ο Λύκειο Πάτρας'), ('978-0803234840', 1, '5ο Λύκειο Πάτρας'),
('978-0810115187', 13, '5ο Λύκειο Πάτρας'), ('978-0812550702', 3, '5ο Λύκειο Πάτρας'), ('978-0812988529', 4, '5ο Λύκειο Πάτρας'), ('978-0891905189', 6, '5ο Λύκειο Πάτρας'),
('978-1296955182', 14, '5ο Λύκειο Πάτρας'), ('978-1328613042', 11, '5ο Λύκειο Πάτρας'), ('978-1328791825', 4, '5ο Λύκειο Πάτρας'), ('978-1338878929', 4, '5ο Λύκειο Πάτρας'),
('978-1338878956', 7, '5ο Λύκειο Πάτρας'), ('978-1338878981', 13, '5ο Λύκειο Πάτρας'), ('978-1400093007', 13, '5ο Λύκειο Πάτρας'), ('978-1419160226', 13, '5ο Λύκειο Πάτρας'),
('978-1432647896', 14, '5ο Λύκειο Πάτρας'), ('978-1451626657', 10, '5ο Λύκειο Πάτρας'), ('978-1481252768', 12, '5ο Λύκειο Πάτρας'), ('978-1503280786', 11, '5ο Λύκειο Πάτρας'),
('978-1505573947', 1, '5ο Λύκειο Πάτρας'), ('978-1515424284', 6, '5ο Λύκειο Πάτρας'), ('978-1517355371', 8, '1ο Γυμνάσιο Ν.Ιωνίας'), ('978-1521972359', 10, '1ο Γυμνάσιο Ν.Ιωνίας'),
('978-1594204166', 4, '1ο Γυμνάσιο Ν.Ιωνίας'), ('978-1594483851', 5, '1ο Γυμνάσιο Ν.Ιωνίας'), ('978-1594631931', 11, '1ο Γυμνάσιο Ν.Ιωνίας'), ('978-1594633669', 10, '1ο Γυμνάσιο Ν.Ιωνίας'),
('978-1600960857', 15, '1ο Γυμνάσιο Ν.Ιωνίας'), ('978-1604503562', 12, '1ο Γυμνάσιο Ν.Ιωνίας'), ('978-1607964155', 13, '1ο Γυμνάσιο Ν.Ιωνίας'), ('978-1632206299', 10, '1ο Γυμνάσιο Ν.Ιωνίας'),
('978-1840226249', 9, '1ο Γυμνάσιο Ν.Ιωνίας'), ('978-1847496560', 6, '1ο Γυμνάσιο Ν.Ιωνίας'), ('978-1853260315', 3, '1ο Γυμνάσιο Ν.Ιωνίας'), ('978-1979067904', 5, '1ο Γυμνάσιο Ν.Ιωνίας'),
('978-2070360420', 15, '1ο Γυμνάσιο Ν.Ιωνίας'), ('978-2070364237', 11, '1ο Γυμνάσιο Ν.Ιωνίας'), ('978-2070412396', 7, '1ο Γυμνάσιο Ν.Ιωνίας'), ('978-2253007104', 8, '1ο Γυμνάσιο Ν.Ιωνίας'),
('978-2253030225', 5, '1ο Γυμνάσιο Ν.Ιωνίας'), ('978-2253098058', 14, '1ο Γυμνάσιο Ν.Ιωνίας'), ('978-2253140870', 10, '1ο Γυμνάσιο Ν.Ιωνίας'), ('978-3103481280', 10, '1ο Γυμνάσιο Ν.Ιωνίας'),
('978-3125776920', 10, '1ο Γυμνάσιο Ν.Ιωνίας'), ('978-3257228007', 6, '1ο Γυμνάσιο Ν.Ιωνίας'), ('978-3257229530', 2, '1ο Γυμνάσιο Ν.Ιωνίας'), ('978-3257230475', 8, '1ο Γυμνάσιο Ν.Ιωνίας'),
('978-3423118217', 7, '1ο Γυμνάσιο Ν.Ιωνίας'), ('978-3462046335', 8, '1ο Γυμνάσιο Ν.Ιωνίας'), ('978-3518366752', 2, '1ο Γυμνάσιο Ν.Ιωνίας'), ('978-3518458006', 7, '1ο Γυμνάσιο Ν.Ιωνίας'),
('978-3522128001', 7, '1ο Γυμνάσιο Ν.Ιωνίας'), ('978-3792000274', 8, '1ο Γυμνάσιο Ν.Ιωνίας'), ('978-3958551930', 1, '1ο Γυμνάσιο Ν.Ιωνίας'), ('978-6180214086', 14, '1ο Γυμνάσιο Ν.Ιωνίας'),
('978-6180215496', 1, '1ο Γυμνάσιο Ν.Ιωνίας'), ('978-6180216615', 9, '1ο Γυμνάσιο Ν.Ιωνίας'), ('978-6589711377', 13, '1ο Γυμνάσιο Ν.Ιωνίας'), ('978-7543321726', 8, '1ο Γυμνάσιο Ν.Ιωνίας'),
('978-8408163381', 13, '1ο Γυμνάσιο Ν.Ιωνίας'), ('978-8408163435', 9, '1ο Γυμνάσιο Ν.Ιωνίας'), ('978-8439735427', 3, '1ο Γυμνάσιο Ν.Ιωνίας'), ('978-8466319058', 2, '1ο Γυμνάσιο Ν.Ιωνίας'),
('978-8476696538', 9, '1ο Γυμνάσιο Ν.Ιωνίας'), ('978-8823519107', 4, '1ο Γυμνάσιο Ν.Ιωνίας'), ('978-9600432738', 1, '1ο Γυμνάσιο Ν.Ιωνίας'), ('978-9601673615', 11, '1ο Γυμνάσιο Ν.Ιωνίας'),
('978-9602631393', 1, '1ο Γυμνάσιο Ν.Ιωνίας'), ('978-9605017484', 12, '1ο Γυμνάσιο Ν.Ιωνίας'), ('978-9606611179', 3, '1ο Γυμνάσιο Ν.Ιωνίας'), ('978-9609444477', 15, '1ο Γυμνάσιο Ν.Ιωνίας'),
('978-0007136551', 1, '2ο Γυμνάσιο Κηφισιάς'), ('978-0007557271', 3, '2ο Γυμνάσιο Κηφισιάς'), ('978-0060850524', 3, '2ο Γυμνάσιο Κηφισιάς'),
('978-0061122415', 7, '2ο Γυμνάσιο Κηφισιάς'), ('978-0062265722', 11, '2ο Γυμνάσιο Κηφισιάς'), ('978-0062511409', 1, '2ο Γυμνάσιο Κηφισιάς'), ('978-0066238500', 13, '2ο Γυμνάσιο Κηφισιάς'),
('978-0140367119', 10, '2ο Γυμνάσιο Κηφισιάς'), ('978-0140443158', 14, '2ο Γυμνάσιο Κηφισιάς'), ('978-0140445053', 10, '2ο Γυμνάσιο Κηφισιάς'), ('978-0140446586', 2, '2ο Γυμνάσιο Κηφισιάς'),
('978-0140447422', 5, '2ο Γυμνάσιο Κηφισιάς'), ('978-0140447927', 13, '2ο Γυμνάσιο Κηφισιάς'), ('978-0140449112', 15, '2ο Γυμνάσιο Κηφισιάς'), ('978-0141439518', 1, '2ο Γυμνάσιο Κηφισιάς'),
('978-0141439556', 5, '2ο Γυμνάσιο Κηφισιάς'), ('978-0141439570', 9, '2ο Γυμνάσιο Κηφισιάς'), ('978-0141439662', 6, '2ο Γυμνάσιο Κηφισιάς'), ('978-0141441146', 10, '2ο Γυμνάσιο Κηφισιάς'),
('978-0141441412', 2, '2ο Γυμνάσιο Κηφισιάς'), ('978-0142402535', 14, '2ο Γυμνάσιο Κηφισιάς'), ('978-0142424179', 15, '2ο Γυμνάσιο Κηφισιάς'), ('978-0192804655', 9, '2ο Γυμνάσιο Κηφισιάς'),
('978-0199536214', 11, '2ο Γυμνάσιο Κηφισιάς'), ('978-0261102200', 7, '2ο Γυμνάσιο Κηφισιάς'), ('978-0274808328', 1, '2ο Γυμνάσιο Κηφισιάς'), ('978-0307387899', 15, '2ο Γυμνάσιο Κηφισιάς'),
('978-0307474735', 4, '2ο Γυμνάσιο Κηφισιάς'), ('978-0307588371', 8, '2ο Γυμνάσιο Κηφισιάς'), ('978-0307743659', 5, '2ο Γυμνάσιο Κηφισιάς'), ('978-0316015844', 3, '2ο Γυμνάσιο Κηφισιάς'),
('978-0316769488', 9, '2ο Γυμνάσιο Κηφισιάς'), ('978-0345325815', 7, '2ο Γυμνάσιο Κηφισιάς'), ('978-0345339713', 4, '2ο Γυμνάσιο Κηφισιάς'), ('978-0345345066', 2, '2ο Γυμνάσιο Κηφισιάς'),
('978-0345375216', 1, '2ο Γυμνάσιο Κηφισιάς'), ('978-0345388186', 14, '2ο Γυμνάσιο Κηφισιάς'), ('978-0345518842', 7, '2ο Γυμνάσιο Κηφισιάς'), ('978-0370007724', 1, '2ο Γυμνάσιο Κηφισιάς'),
('978-0374528379', 9, '2ο Γυμνάσιο Κηφισιάς'), ('978-0375823732', 14, '2ο Γυμνάσιο Κηφισιάς'), ('978-0375842209', 6, '2ο Γυμνάσιο Κηφισιάς'), ('978-0385737951', 11, '2ο Γυμνάσιο Κηφισιάς'),
('978-0393324907', 4, '2ο Γυμνάσιο Κηφισιάς'), ('978-0395489314', 12, '2ο Γυμνάσιο Κηφισιάς'), ('978-0395606490', 13, '2ο Γυμνάσιο Κηφισιάς'), ('978-0395710418', 12, '2ο Γυμνάσιο Κηφισιάς'),
('978-0395827604', 4, '2ο Γυμνάσιο Κηφισιάς'), ('978-0399590504', 1, '2ο Γυμνάσιο Κηφισιάς'), ('978-0439064872', 9, '3ο Γυμνάσιο Αμαρουσίου'),
('978-0439358064', 15, '3ο Γυμνάσιο Αμαρουσίου'), ('978-0439784549', 15, '3ο Γυμνάσιο Αμαρουσίου'), ('978-0449300022', 12, '3ο Γυμνάσιο Αμαρουσίου'), ('978-0486290812', 6, '3ο Γυμνάσιο Αμαρουσίου'),
('978-0486415871', 1, '3ο Γυμνάσιο Αμαρουσίου'), ('978-0525433477', 3, '3ο Γυμνάσιο Αμαρουσίου'), ('978-0544003415', 15, '3ο Γυμνάσιο Αμαρουσίου'), ('978-0544337992', 1, '3ο Γυμνάσιο Αμαρουσίου'),
('978-0544636341', 11, '3ο Γυμνάσιο Αμαρουσίου'), ('978-0545582938', 1, '3ο Γυμνάσιο Αμαρουσίου'), ('978-0547154119', 9, '3ο Γυμνάσιο Αμαρουσίου'), ('978-0547394572', 7, '3ο Γυμνάσιο Αμαρουσίου'),
('978-0547928227', 8, '3ο Γυμνάσιο Αμαρουσίου'), ('978-0553108033', 15, '3ο Γυμνάσιο Αμαρουσίου'), ('978-0553381709', 1, '3ο Γυμνάσιο Αμαρουσίου'), ('978-0553418026', 15, '3ο Γυμνάσιο Αμαρουσίου'),
('978-0553582017', 10, '3ο Γυμνάσιο Αμαρουσίου'), ('978-0553582024', 4, '3ο Γυμνάσιο Αμαρουσίου'), ('978-0553593716', 7, '3ο Γυμνάσιο Αμαρουσίου'), ('978-0618002245', 10, '3ο Γυμνάσιο Αμαρουσίου'),
('978-0618056996', 13, '3ο Γυμνάσιο Αμαρουσίου'), ('978-0618083572', 12, '3ο Γυμνάσιο Αμαρουσίου'), ('978-0618083596', 2, '3ο Γυμνάσιο Αμαρουσίου'), ('978-0618126996', 10, '3ο Γυμνάσιο Αμαρουσίου'),
('978-0618134700', 9, '3ο Γυμνάσιο Αμαρουσίου'), ('978-0671027346', 15, '3ο Γυμνάσιο Αμαρουσίου'), ('978-0679734529', 2, '3ο Γυμνάσιο Αμαρουσίου'), ('978-0679781585', 11, '3ο Γυμνάσιο Αμαρουσίου'),
('978-0743273565', 10, '3ο Γυμνάσιο Αμαρουσίου'), ('978-0803234840', 13, '3ο Γυμνάσιο Αμαρουσίου'), ('978-0810115187', 9, '3ο Γυμνάσιο Αμαρουσίου'), ('978-0812550702', 4, '3ο Γυμνάσιο Αμαρουσίου'),
('978-0812988529', 14, '3ο Γυμνάσιο Αμαρουσίου'), ('978-0891905189', 6, '3ο Γυμνάσιο Αμαρουσίου'), ('978-1296955182', 13, '3ο Γυμνάσιο Αμαρουσίου'), ('978-1328613042', 5, '3ο Γυμνάσιο Αμαρουσίου'),
('978-1328791825', 12, '3ο Γυμνάσιο Αμαρουσίου'), ('978-1338878929', 4, '3ο Γυμνάσιο Αμαρουσίου'), ('978-1338878956', 5, '3ο Γυμνάσιο Αμαρουσίου'), ('978-1338878981', 12, '3ο Γυμνάσιο Αμαρουσίου'),
('978-1400093007', 12, '3ο Γυμνάσιο Αμαρουσίου'), ('978-1419160226', 4, '3ο Γυμνάσιο Αμαρουσίου'), ('978-1432647896', 6, '3ο Γυμνάσιο Αμαρουσίου'), ('978-1451626657', 11, '3ο Γυμνάσιο Αμαρουσίου'),
('978-1481252768', 3, '3ο Γυμνάσιο Αμαρουσίου'), ('978-1503280786', 10, '3ο Γυμνάσιο Αμαρουσίου'), ('978-1505573947', 9, '3ο Γυμνάσιο Αμαρουσίου'), ('978-1515424284', 15, '3ο Γυμνάσιο Αμαρουσίου'),
('978-1517355371', 3, '3ο Γυμνάσιο Αμαρουσίου'), ('978-1521972359', 7, '4ο Λύκειο Θεσσαλονίκης'), ('978-1594204166', 12, '4ο Λύκειο Θεσσαλονίκης'), ('978-1594483851', 1, '4ο Λύκειο Θεσσαλονίκης'),
('978-1594631931', 12, '4ο Λύκειο Θεσσαλονίκης'), ('978-1594633669', 12, '4ο Λύκειο Θεσσαλονίκης'), ('978-1600960857', 10, '4ο Λύκειο Θεσσαλονίκης'), ('978-1604503562', 11, '4ο Λύκειο Θεσσαλονίκης'),
('978-1607964155', 15, '4ο Λύκειο Θεσσαλονίκης'), ('978-1632206299', 10, '4ο Λύκειο Θεσσαλονίκης'), ('978-1840226249', 13, '4ο Λύκειο Θεσσαλονίκης'), ('978-1847496560', 1, '4ο Λύκειο Θεσσαλονίκης'),
('978-1853260315', 2, '4ο Λύκειο Θεσσαλονίκης'), ('978-1979067904', 10, '4ο Λύκειο Θεσσαλονίκης'), ('978-2070360420', 4, '4ο Λύκειο Θεσσαλονίκης'), ('978-2070364237', 11, '4ο Λύκειο Θεσσαλονίκης'),
('978-2070412396', 2, '4ο Λύκειο Θεσσαλονίκης'), ('978-2253007104', 7, '4ο Λύκειο Θεσσαλονίκης'), ('978-2253030225', 9, '4ο Λύκειο Θεσσαλονίκης'), ('978-2253098058', 3, '4ο Λύκειο Θεσσαλονίκης'),
('978-2253140870', 2, '4ο Λύκειο Θεσσαλονίκης'), ('978-3103481280', 14, '4ο Λύκειο Θεσσαλονίκης'), ('978-3125776920', 1, '4ο Λύκειο Θεσσαλονίκης'), ('978-3257228007', 9, '4ο Λύκειο Θεσσαλονίκης'),
('978-3257229530', 8, '4ο Λύκειο Θεσσαλονίκης'), ('978-3257230475', 11, '4ο Λύκειο Θεσσαλονίκης'), ('978-3423118217', 14, '4ο Λύκειο Θεσσαλονίκης'), ('978-3462046335', 13, '4ο Λύκειο Θεσσαλονίκης'),
('978-3518366752', 12, '4ο Λύκειο Θεσσαλονίκης'), ('978-3518458006', 8, '4ο Λύκειο Θεσσαλονίκης'), ('978-3522128001', 13, '4ο Λύκειο Θεσσαλονίκης'), ('978-3792000274', 1, '4ο Λύκειο Θεσσαλονίκης'),
('978-3958551930', 13, '4ο Λύκειο Θεσσαλονίκης'), ('978-6180214086', 6, '4ο Λύκειο Θεσσαλονίκης'), ('978-6180215496', 4, '4ο Λύκειο Θεσσαλονίκης'), ('978-6180216615', 15, '4ο Λύκειο Θεσσαλονίκης'),
('978-6589711377', 10, '4ο Λύκειο Θεσσαλονίκης'), ('978-7543321726', 6, '4ο Λύκειο Θεσσαλονίκης'), ('978-8408163381', 11, '4ο Λύκειο Θεσσαλονίκης'), ('978-8408163435', 11, '4ο Λύκειο Θεσσαλονίκης'),
('978-8439735427', 15, '4ο Λύκειο Θεσσαλονίκης'), ('978-8466319058', 14, '4ο Λύκειο Θεσσαλονίκης'), ('978-8476696538', 10, '4ο Λύκειο Θεσσαλονίκης'), ('978-8823519107', 12, '4ο Λύκειο Θεσσαλονίκης'),
('978-9600432738', 12, '4ο Λύκειο Θεσσαλονίκης'), ('978-9601673615', 9, '4ο Λύκειο Θεσσαλονίκης'), ('978-9602631393', 15, '4ο Λύκειο Θεσσαλονίκης'), ('978-9605017484', 8, '4ο Λύκειο Θεσσαλονίκης'),
('978-9606611179', 12, '4ο Λύκειο Θεσσαλονίκης'), ('978-9609444477', 2, '4ο Λύκειο Θεσσαλονίκης'), ('‎978-0446310789', 8, '4ο Λύκειο Θεσσαλονίκης'), ('978-0007136551', 7, '5ο Λύκειο Πάτρας'),
('978-0007557271', 8, '5ο Λύκειο Πάτρας'), ('978-0060850524', 12, '5ο Λύκειο Πάτρας'), ('978-0061122415', 12, '5ο Λύκειο Πάτρας'), ('978-0062265722', 15, '5ο Λύκειο Πάτρας'),
('978-0062511409', 2, '5ο Λύκειο Πάτρας'), ('978-0066238500', 6, '5ο Λύκειο Πάτρας'), ('978-0140367119', 9, '5ο Λύκειο Πάτρας'), ('978-0140443158', 11, '5ο Λύκειο Πάτρας'),
('978-0140445053', 4, '5ο Λύκειο Πάτρας'), ('978-0140446586', 11, '5ο Λύκειο Πάτρας'), ('978-0140447422', 12, '5ο Λύκειο Πάτρας'), ('978-0140447927', 7, '5ο Λύκειο Πάτρας'),
('978-0140449112', 14, '5ο Λύκειο Πάτρας'), ('978-0141439518', 5, '5ο Λύκειο Πάτρας'), ('978-0141439556', 12, '5ο Λύκειο Πάτρας'), ('978-0141439570', 14, '5ο Λύκειο Πάτρας'),
('978-0141439662', 9, '5ο Λύκειο Πάτρας'), ('978-0141441146', 10, '5ο Λύκειο Πάτρας'),  ('978-0141441412', 15, '5ο Λύκειο Πάτρας'), ('978-0142402535', 5, '5ο Λύκειο Πάτρας'),
('978-0142424179', 7, '5ο Λύκειο Πάτρας'), ('978-0192804655', 6, '5ο Λύκειο Πάτρας'), ('978-0199536214', 13, '5ο Λύκειο Πάτρας'), ('978-0261102200', 14, '5ο Λύκειο Πάτρας'),
('978-0274808328', 10, '5ο Λύκειο Πάτρας'), ('978-0307387899', 12, '5ο Λύκειο Πάτρας'), ('978-0307474735', 15, '5ο Λύκειο Πάτρας'), ('978-0307588371', 10, '5ο Λύκειο Πάτρας'),
('978-0307743659', 13, '5ο Λύκειο Πάτρας'), ('978-0316015844', 9, '5ο Λύκειο Πάτρας'), ('978-0316769488', 10, '5ο Λύκειο Πάτρας'), ('978-0345325815', 6, '5ο Λύκειο Πάτρας'),
('978-0345339713', 3, '5ο Λύκειο Πάτρας'), ('978-0345345066', 10, '5ο Λύκειο Πάτρας'), ('978-0345375216', 7, '5ο Λύκειο Πάτρας'), ('978-0345388186', 14, '5ο Λύκειο Πάτρας'),
('978-0345518842', 3, '5ο Λύκειο Πάτρας'), ('978-0370007724', 11, '5ο Λύκειο Πάτρας'), ('978-0374528379', 10, '5ο Λύκειο Πάτρας'), ('978-0375823732', 10, '5ο Λύκειο Πάτρας'),
('978-0375842209', 13, '5ο Λύκειο Πάτρας'), ('978-0385737951', 7, '5ο Λύκειο Πάτρας'), ('978-0393324907', 12, '5ο Λύκειο Πάτρας'), ('978-0395489314', 3, '5ο Λύκειο Πάτρας'),
('978-0395606490', 8, '5ο Λύκειο Πάτρας'), ('978-0395710418', 7, '5ο Λύκειο Πάτρας'), ('978-0395827604', 11, '5ο Λύκειο Πάτρας'), ('978-0399590504', 13, '5ο Λύκειο Πάτρας'),
('978-0439023481', 12, '5ο Λύκειο Πάτρας'), ('978-0439064872', 2, '1ο Γυμνάσιο Ν.Ιωνίας'), ('978-0439358064', 7, '1ο Γυμνάσιο Ν.Ιωνίας'), ('978-0439784549', 11, '1ο Γυμνάσιο Ν.Ιωνίας'),
('978-0449300022', 1, '1ο Γυμνάσιο Ν.Ιωνίας'), ('978-0486290812', 9, '1ο Γυμνάσιο Ν.Ιωνίας'), ('978-0486415871', 10, '1ο Γυμνάσιο Ν.Ιωνίας'), ('978-0525433477', 15, '1ο Γυμνάσιο Ν.Ιωνίας'),
('978-0544003415', 12, '1ο Γυμνάσιο Ν.Ιωνίας'), ('978-0544337992', 5, '1ο Γυμνάσιο Ν.Ιωνίας'), ('978-0544636341', 14, '1ο Γυμνάσιο Ν.Ιωνίας'), ('978-0545582938', 2, '1ο Γυμνάσιο Ν.Ιωνίας'),
('978-0547154119', 12, '1ο Γυμνάσιο Ν.Ιωνίας'), ('978-0547394572', 8, '1ο Γυμνάσιο Ν.Ιωνίας'), ('978-0547928227', 6, '1ο Γυμνάσιο Ν.Ιωνίας'), ('978-0553108033', 3, '1ο Γυμνάσιο Ν.Ιωνίας'),
('978-0553381709', 13, '1ο Γυμνάσιο Ν.Ιωνίας'), ('978-0553418026', 9, '1ο Γυμνάσιο Ν.Ιωνίας'), ('978-0553582017', 9, '1ο Γυμνάσιο Ν.Ιωνίας'), ('978-0553582024', 12, '1ο Γυμνάσιο Ν.Ιωνίας'),
('978-0553593716', 15, '1ο Γυμνάσιο Ν.Ιωνίας'), ('978-0618002245', 7, '1ο Γυμνάσιο Ν.Ιωνίας'), ('978-0618056996', 6, '1ο Γυμνάσιο Ν.Ιωνίας'), ('978-0618083572', 3, '1ο Γυμνάσιο Ν.Ιωνίας'),
('978-0618083596', 9, '1ο Γυμνάσιο Ν.Ιωνίας'), ('978-0618126996', 5, '1ο Γυμνάσιο Ν.Ιωνίας'), ('978-0618134700', 13, '1ο Γυμνάσιο Ν.Ιωνίας'), ('978-0671027346', 14, '1ο Γυμνάσιο Ν.Ιωνίας'),
('978-0679734529', 9, '1ο Γυμνάσιο Ν.Ιωνίας'), ('978-0679781585', 8, '1ο Γυμνάσιο Ν.Ιωνίας'), ('978-0743273565', 5, '1ο Γυμνάσιο Ν.Ιωνίας'), ('978-0803234840', 15, '1ο Γυμνάσιο Ν.Ιωνίας'),
('978-0810115187', 12, '1ο Γυμνάσιο Ν.Ιωνίας'), ('978-0812550702', 14, '1ο Γυμνάσιο Ν.Ιωνίας'), ('978-0812988529', 8, '1ο Γυμνάσιο Ν.Ιωνίας'), ('978-0891905189', 3, '1ο Γυμνάσιο Ν.Ιωνίας'),
('978-1296955182', 1, '1ο Γυμνάσιο Ν.Ιωνίας'), ('978-1328613042', 5, '1ο Γυμνάσιο Ν.Ιωνίας'), ('978-1328791825', 2, '1ο Γυμνάσιο Ν.Ιωνίας'), ('978-1338878929', 14, '1ο Γυμνάσιο Ν.Ιωνίας'),
('978-1338878956', 13, '1ο Γυμνάσιο Ν.Ιωνίας'), ('978-1338878981', 11, '1ο Γυμνάσιο Ν.Ιωνίας'), ('978-1400093007', 15, '1ο Γυμνάσιο Ν.Ιωνίας'), ('978-1419160226', 13, '1ο Γυμνάσιο Ν.Ιωνίας'),
('978-1432647896', 2, '1ο Γυμνάσιο Ν.Ιωνίας'), ('978-1451626657', 6, '1ο Γυμνάσιο Ν.Ιωνίας'), ('978-1481252768', 5, '1ο Γυμνάσιο Ν.Ιωνίας'), ('978-1503280786', 1, '1ο Γυμνάσιο Ν.Ιωνίας'),
('978-1505573947', 13, '1ο Γυμνάσιο Ν.Ιωνίας'), ('978-1515424284', 6, '1ο Γυμνάσιο Ν.Ιωνίας'), ('978-1517355371', 9, '2ο Γυμνάσιο Κηφισιάς'), ('978-1521972359', 8, '2ο Γυμνάσιο Κηφισιάς'), 
('978-1594204166', 15, '2ο Γυμνάσιο Κηφισιάς'), ('978-1594483851', 10, '2ο Γυμνάσιο Κηφισιάς'), ('978-1594631931', 12, '2ο Γυμνάσιο Κηφισιάς'), ('978-1594633669', 1, '2ο Γυμνάσιο Κηφισιάς'),
('978-1600960857', 8, '2ο Γυμνάσιο Κηφισιάς'), ('978-1604503562', 7, '2ο Γυμνάσιο Κηφισιάς'), ('978-1607964155', 2, '2ο Γυμνάσιο Κηφισιάς'), ('978-1632206299', 6, '2ο Γυμνάσιο Κηφισιάς'), 
('978-1840226249', 13, '2ο Γυμνάσιο Κηφισιάς'), ('978-1847496560', 2, '2ο Γυμνάσιο Κηφισιάς'), ('978-1853260315', 5, '2ο Γυμνάσιο Κηφισιάς'), ('978-1979067904', 15, '2ο Γυμνάσιο Κηφισιάς'),
('978-2070360420', 8, '2ο Γυμνάσιο Κηφισιάς'), ('978-2070364237', 3, '2ο Γυμνάσιο Κηφισιάς'), ('978-2070412396', 5, '2ο Γυμνάσιο Κηφισιάς'), ('978-2253007104', 15, '2ο Γυμνάσιο Κηφισιάς'), 
('978-2253030225', 2, '2ο Γυμνάσιο Κηφισιάς'), ('978-2253098058', 10, '2ο Γυμνάσιο Κηφισιάς'), ('978-2253140870', 1, '2ο Γυμνάσιο Κηφισιάς'), ('978-3103481280', 15, '2ο Γυμνάσιο Κηφισιάς'),
('978-3125776920', 6, '2ο Γυμνάσιο Κηφισιάς'), ('978-3257228007', 5, '2ο Γυμνάσιο Κηφισιάς'), ('978-3257229530', 3, '2ο Γυμνάσιο Κηφισιάς'), ('978-3257230475', 15, '2ο Γυμνάσιο Κηφισιάς'), 
('978-3423118217', 4, '2ο Γυμνάσιο Κηφισιάς'), ('978-3462046335', 1, '2ο Γυμνάσιο Κηφισιάς'), ('978-3518366752', 3, '2ο Γυμνάσιο Κηφισιάς'), ('978-3518458006', 11, '2ο Γυμνάσιο Κηφισιάς'), 
('978-3522128001', 3, '2ο Γυμνάσιο Κηφισιάς'), ('978-3792000274', 6, '2ο Γυμνάσιο Κηφισιάς'), ('978-3958551930', 1, '2ο Γυμνάσιο Κηφισιάς'), ('978-6180214086', 14, '2ο Γυμνάσιο Κηφισιάς'), 
('978-6180215496', 6, '2ο Γυμνάσιο Κηφισιάς'), ('978-6180216615', 6, '2ο Γυμνάσιο Κηφισιάς'), ('978-6589711377', 15, '2ο Γυμνάσιο Κηφισιάς'), ('978-7543321726', 6, '2ο Γυμνάσιο Κηφισιάς'),
('978-8408163381', 13, '2ο Γυμνάσιο Κηφισιάς'), ('978-8408163435', 6, '2ο Γυμνάσιο Κηφισιάς'), ('978-8439735427', 11, '2ο Γυμνάσιο Κηφισιάς'), ('978-8466319058', 4, '2ο Γυμνάσιο Κηφισιάς'),
('978-8476696538', 13, '2ο Γυμνάσιο Κηφισιάς'), ('978-8823519107', 14, '2ο Γυμνάσιο Κηφισιάς'), ('978-9600432738', 3, '2ο Γυμνάσιο Κηφισιάς'), ('978-9601673615', 5, '2ο Γυμνάσιο Κηφισιάς'),
('978-9602631393', 15, '2ο Γυμνάσιο Κηφισιάς'), ('978-9605017484', 11, '2ο Γυμνάσιο Κηφισιάς'), ('978-9606611179', 13, '2ο Γυμνάσιο Κηφισιάς'), ('978-9609444477', 2, '2ο Γυμνάσιο Κηφισιάς');



INSERT INTO Booking (Making_date, Username, Copy_id, Status)
VALUES
('2022-06-02', 'egrossier4', '500', 'Active'), ('2022-06-02', 'jgoring5', '531', 'Active'),
('2022-06-02', 'cknights6', '527', 'Active'), ('2022-06-02', 'mfranzen7', '523', 'Active'),
('2022-06-02', 'lgantzer8', '501', 'Active'), ('2022-06-02', 'usolonl', '521', 'Active'),
('2022-06-02', 'wcarthewm', '251', 'Active'), ('2022-06-02', 'vwabersinken', '259', 'Active'),
('2022-06-02', 'rtolchardo', '258', 'Active'), ('2022-06-02', 'kcolpusp', '257', 'Active'),
('2022-06-02', 'lheisterq', '256', 'Active'), ('2022-06-02', 'mattyr', '255', 'Active'),
('2022-06-02', 'mwalliss', '254', 'Active'), ('2022-06-02', 'tpaddon8', '324', 'Active'),
('2022-06-02', 'ldudderidge9', '325', 'Active'), ('2022-06-02', 'rosharrya', '326', 'Active'),
('2022-06-02', 'hjeffcoatb', '327', 'Active'), ('2022-06-02', 'cdrescherc', '328', 'Active'),
('2022-06-02', 'gsperrettd', '329', 'Active'), ('2022-06-02', 'oshipe', '297', 'Active'),
('2022-06-02', 'amanisf', '98', 'Active'), ('2022-06-02', 'mkernellg', '96', 'Active'),
('2022-06-02', 'mfaraganh', '88', 'Active'), ('2022-06-02', 'tliasi', '594', 'Active'),
('2022-06-02', 'jmeliaj', '90', 'Active'), ('2022-06-02', 'mcadwaladrk', '91', 'Active'),
('2022-06-02', 'pmenchentonl', '92', 'Active'), ('2022-06-02', 'cmaskellm', '93', 'Active'),
('2022-06-02', 'mcronn', '94', 'Active'), ('2022-06-02', 'mdonneelyo', '95', 'Active'),
('2022-06-02', 'dgalegop', '97', 'Active'), ('2022-06-02', 'hniblettq', '330', 'Active'),
('2022-06-02', 'abillingsleyr', '331', 'Active'), ('2022-06-02', 'stacks', '332', 'Active'),
('2022-06-02', 'eelsipt', '50', 'Active'), ('2022-06-02', 'ccrossan0', '139', 'Active'),
('2022-06-02', 'esauven1', '140', 'Active'), ('2022-06-02', 'dstrauss2', '141', 'Active'),
('2022-06-02', 'llakeman3', '142', 'Active'), ('2022-06-02', 'hbendon4', '143', 'Active'),
('2022-06-02', 'gmacduffie5', '144', 'Active'), ('2022-06-02', 'ctrevaskis6', '145', 'Active'),
('2022-06-02', 'hspadollini7', '148', 'Active'), ('2022-06-02', 'mchaffen8', '346', 'Active'),
('2022-06-02', 'sdekeep9', '137', 'Active'), ('2022-06-02', 'kwardsa', '136', 'Active'),
('2022-06-02', 'ecordallb', '135', 'Active'), ('2022-06-02', 'jrebouletc', '124', 'Active'),
('2022-06-02', 'mtunstalld', '125', 'Active'), ('2022-06-02', 'sspurriere', '126', 'Active'),
('2022-06-02', 'sbackf', '127', 'Active'), ('2022-06-02', 'rmcsarryg', '128', 'Active'),
('2022-06-02', 'gbrownseyh', '129', 'Active'), ('2022-06-02', 'wbeastalli', '130', 'Active'),
('2022-06-02', 'vmosbyb', '167', 'Active'), ('2022-06-02', 'abottc', '168', 'Active'),
('2022-06-02', 'bmoscod', '169', 'Active'), ('2022-06-02', 'pcoylee', '197', 'Active'),
('2022-06-02', 'tshearerf', '159', 'Active'), ('2022-06-02', 'dsuttellg', '158', 'Active'),
('2022-06-02', 'jthameh', '181', 'Active'), ('2022-06-02', 'rshapcotti', '149', 'Active');



INSERT INTO Lending (Making_date, Username, Return_Status, Return_Date, Copy_id)
VALUES
('2022-05-20', 'bsherryk', 'Returned', '2022-05-27', '8'),
('2022-05-21', 'usolonl', 'Returned', '2022-05-28', '7'),
('2022-05-22', 'sport2', 'Returned', '2022-05-29', '6'),
('2022-06-23', 'vwabersinken', 'Returned', '2022-06-30', '5'),
('2022-05-20', 'egrossier4', 'Returned', '2022-05-27', '4'),
('2022-05-21', 'jgoring5', 'Returned', '2022-05-28', '518'),
('2022-05-22', 'cknights6', 'Returned', '2022-05-29', '3'),
('2022-06-23', 'mfranzen7', 'Returned', '2022-06-30', '2'),
('2022-05-20', 'lgantzer8', 'Returned', '2022-05-27', '1'),
('2022-05-21', 'yourry9', 'Returned', '2022-05-28', '11'),
('2022-05-22', 'jlevingsa', 'Returned', '2022-05-29', '12'),
('2022-06-23', 'tbewsyb', 'Returned', '2022-06-30', '23'),
('2022-05-20', 'dlinklaterc', 'Returned', '2022-05-27', '22'),
('2022-05-21', 'aobelld', 'Returned', '2022-05-28', '21'),
('2022-05-22', 'dtavinore', 'Returned', '2022-05-29', '20'),
('2022-06-23', 'swoosnamf', 'Returned', '2022-06-30', '19'),
('2022-05-20', 'slimpertzg', 'Returned', '2022-05-27', '13'),
('2022-05-21', 'lgoodludh', 'Returned', '2022-05-28', '17'),
('2022-05-22', 'ehuntoni', 'Returned', '2022-05-29', '16'),
('2022-06-23', 'ghugginj', 'Returned', '2022-06-30', '15'),
('2022-05-20', 'valfonsetti0', 'Returned', '2022-05-27', '453'),
('2022-05-21', 'hbootman1', 'Returned', '2022-05-28', '454'),
('2022-05-22', 'jbuesden2', 'Returned', '2022-05-29', '455'),
('2022-06-23', 'kpahlsson3', 'Returned', '2022-06-30', '456'),
('2022-05-20', 'egantzman4', 'Returned', '2022-05-27', '457'),
('2022-05-21', 'lmeader5', 'Returned', '2022-05-28', '471'),
('2022-05-22', 'bbirtwell6', 'Returned', '2022-05-29', '472'),
('2022-06-23', 'mwilmore7', 'Returned', '2022-06-30', '473'),
('2022-05-20', 'dsnalom8', 'Returned', '2022-05-27', '488'),
('2022-05-21', 'lmattek9', 'Returned', '2022-05-28', '489'),
('2022-05-22', 'wsignea', 'Returned', '2022-05-29', '490'),
('2022-06-23', 'hbolderob', 'Returned', '2022-06-30', '491'),
('2022-05-20', 'atuillerc', 'Returned', '2022-05-27', '492'),
('2022-05-21', 'ssinnottd', 'Returned', '2022-05-28', '493'),
('2022-05-22', 'smcguinleye', 'Returned', '2022-05-29', '494'),
('2022-06-23', 'hsabbertonf', 'Returned', '2022-06-30', '495'),
('2022-05-20', 'dmackelleng', 'Returned', '2022-05-27', '224'),
('2022-05-21', 'bfarndaleh', 'Returned', '2022-05-28', '246'),
('2022-05-22', 'sjacobii', 'Returned', '2022-05-29', '486'),
('2022-06-23', 'jleleuj', 'Returned', '2022-06-30', '485'),
('2022-05-20', 'rmccrostiek', 'Returned', '2022-05-27', '484'),
('2022-05-21', 'agartrell1', 'Returned', '2022-05-28', '190'),
('2022-05-22', 'anolder2', 'Returned', '2022-05-29', '191'),
('2022-06-23', 'goxenford3', 'Returned', '2022-06-30', '192'),
('2022-05-20', 'bfreyne4', 'Returned', '2022-05-27', '193'),
('2022-05-21', 'achatres5', 'Returned', '2022-05-28', '194'),
('2022-05-22', 'cguiden6', 'Returned', '2022-05-29', '185'),
('2022-06-23', 'fbaselli7', 'Returned', '2022-06-30', '184'),
('2022-05-20', 'cforde8', 'Returned', '2022-05-27', '183'),
('2022-05-21', 'eeagland9', 'Returned', '2022-05-28', '173'),
('2022-06-23', 'vmosbyb', 'Returned', '2022-06-30', '175'),
('2022-05-20', 'abottc', 'Returned', '2022-05-27', '176'),
('2022-05-21', 'bmoscod', 'Returned', '2022-05-28', '177'),
('2022-05-22', 'pcoylee', 'Returned', '2022-05-29', '178'),
('2022-06-23', 'tshearerf', 'Returned', '2022-06-30', '179'),
('2022-05-20', 'dsuttellg', 'Returned', '2022-05-27', '196'),
('2022-05-21', 'jthameh', 'Returned', '2022-05-28', '182'),
('2022-05-22', 'rshapcotti', 'Returned', '2022-05-29', '195'),
('2022-06-23', 'rmulchronej', 'Returned', '2022-06-30', '420'),
('2022-05-20', 'sadamok', 'Returned', '2022-05-27', '406'),
('2022-05-21', 'pgarrickl', 'Returned', '2022-05-28', '405'),
('2022-05-22', 'ibrichamm', 'Returned', '2022-05-29', '404'),
('2022-06-23', 'khambletonn', 'Returned', '2022-06-30', '403'),
('2022-05-20', 'cinkpino', 'Returned', '2022-05-27', '402'),
('2022-05-21', 'goergeprint', 'Returned', '2022-05-28', '401');













