Serial_number,Making_date,Expiration_date,Username,ISBN
1,20/5/2023,27/5/2023,aobelld,978-0007136551
2,20/5/2023,27/5/2023,dtavinore,978-0007557271
3,20/5/2023,27/5/2023,swoosnamf,978-0060850524
4,20/5/2023,27/5/2023,slimpertzg,978-0061122415
5,20/5/2023,27/5/2023,lgoodludh,978-0062265722
6,20/5/2023,27/5/2023,ehuntoni,978-0062511409
7,20/5/2023,27/5/2023,ghugginj,978-0066238500
8,20/5/2023,27/5/2023,bsherryk,978-0140367119
9,20/5/2023,27/5/2023,usolonl,978-0140443158
10,20/5/2023,27/5/2023,wcarthewm,978-0140445053
11,20/5/2023,27/5/2023,vwabersinken,978-0140367119
12,20/5/2023,27/5/2023,rtolchardo,978-0140443158
13,20/5/2023,28/5/2023,gsperrettd,978-0486290812
14,20/5/2023,27/5/2023,oshipe,978-0486415871
15,20/5/2023,27/5/2023,amanisf,978-0525433477
16,20/5/2023,27/5/2023,mkernellg,978-0544003415
17,20/5/2023,27/5/2023,mfaraganh,978-0544337992
18,20/5/2023,27/5/2023,tliasi,978-0544636341
19,20/5/2023,27/5/2023,jmeliaj,978-0545582938
20,20/5/2023,27/5/2023,mcadwaladrk,978-0547154119
21,20/5/2023,27/5/2023,pmenchentonl,978-0547394572
22,20/5/2023,27/5/2023,cmaskellm,978-0547928227
23,20/5/2023,27/5/2023,mcronn,978-0553108033
24,20/5/2023,27/5/2023,mdonneelyo,978-0553381709
25,20/5/2023,27/5/2023,dgalegop,978-0553418026
26,20/5/2023,27/5/2023,hniblettq,978-0553582017
27,20/5/2023,27/5/2023,abillingsleyr,978-0553582024
28,20/5/2023,27/5/2023,stacks,978-0553593716
29,20/5/2023,27/5/2023,jrebouletc,978-2253098058
30,20/5/2023,27/5/2023,mtunstalld,978-2253140870
31,20/5/2023,27/5/2023,sspurriere,978-3103481280
32,20/5/2023,27/5/2023,sbackf,978-3125776920
33,20/5/2023,27/5/2023,rmcsarryg,978-3257228007
34,20/5/2023,27/5/2023,gbrownseyh,978-3257229530
35,20/5/2023,27/5/2023,wbeastalli,978-3257230475
36,20/5/2023,27/5/2023,dsolonj,978-3423118217
37,20/5/2023,27/5/2023,mronischk,978-3462046335
38,20/5/2023,27/5/2023,rmoffl,978-3518366752
39,20/5/2023,27/5/2023,gmaricm,978-3518458006
40,20/5/2023,27/5/2023,gmacgalln,978-3522128001
41,20/5/2023,27/5/2023,vklugelo,978-3792000274
42,20/5/2023,27/5/2023,jimkontos,978-3958551930
43,20/5/2023,27/5/2023,cforde8,978-0140447422
44,20/5/2023,27/5/2023,eeagland9,978-0140447927
45,20/5/2023,27/5/2023,cwitherdena,978-0140449112
46,20/5/2023,27/5/2023,vmosbyb,978-0141439518
47,20/5/2023,27/5/2023,abottc,978-0141439556
48,20/5/2023,27/5/2023,bmoscod,978-0141439570
49,20/5/2023,27/5/2023,pcoylee,978-0141439662
50,20/5/2023,27/5/2023,tshearerf,978-0141441146
51,20/5/2023,27/5/2023,dsuttellg,978-0141441412
52,20/5/2023,27/5/2023,jthameh,978-0142402535
53,20/5/2023,27/5/2023,fbaselli7,978-3257230475
54,20/5/2023,27/5/2023,cforde8,978-3423118217
55,20/5/2023,27/5/2023,eeagland9,978-3462046335
56,20/5/2023,27/5/2023,cwitherdena,978-3518366752
57,20/5/2023,27/5/2023,vmosbyb,978-3518458006
58,20/5/2023,27/5/2023,abottc,978-3522128001
59,20/5/2023,27/5/2023,bmoscod,978-3792000274
60,20/5/2023,27/5/2023,rmccrostiek,978-0618083596
61,20/5/2023,27/5/2023,bmenloel,978-0618126996
62,20/5/2023,27/5/2023,abywatersm,978-0618134700
63,20/5/2023,27/5/2023,mscoggansn,978-0671027346
64,20/5/2023,27/5/2023,cbainbriggeo,978-0679734529
65,20/5/2023,27/5/2023,kostassloukas,978-0679781585
66,20/5/2023,27/5/2023,alexpasx,978-0743273565
