Serial_number,Making_date,Username,Return_Status,ISBN
1,27/5/2023,aobelld,Returned,978-0007136551
2,27/5/2023,dtavinore,Returned,978-0007557271
3,27/5/2023,swoosnamf,Returned,978-0060850524
4,27/5/2023,slimpertzg,Returned,978-0061122415
5,27/5/2023,lgoodludh,Returned,978-0062265722
6,27/5/2023,ehuntoni,Returned,978-0062511409
7,27/5/2023,ghugginj,Returned,978-0066238500
8,27/5/2023,bsherryk,Returned,978-0140367119
9,27/5/2023,usolonl,Returned,978-0140443158
10,27/5/2023,wcarthewm,Returned,978-0140445053
11,27/5/2023,vwabersinken,Returned,978-0140367119
12,27/5/2023,rtolchardo,Returned,978-0140443158
13,27/5/2023,kcolpusp,Returned,978-0140445053
14,27/5/2023,lheisterq,Returned,978-0140446586
15,27/5/2023,mattyr,Returned,978-0140447422
16,27/5/2023,mwalliss,Returned,978-0140447927
17,27/5/2023,lfirmagert,Returned,978-0140449112
18,27/5/2023,lstaresmeareu,Returned,978-0061122415
19,27/5/2023,vpenhaleurackv,Returned,978-0062265722
20,27/5/2023,ditzhaiekw,Returned,978-0062511409
21,27/5/2023,veclesx,Returned,978-0142402535
22,27/5/2023,aobelld,Returned,978-0743273565
23,27/5/2023,dtavinore,Returned,978-0803234840
24,27/5/2023,swoosnamf,Returned,978-0810115187
25,27/5/2023,slimpertzg,Returned,978-0812550702
26,27/5/2023,lgoodludh,Returned,978-0812988529
27,27/5/2023,ehuntoni,Returned,978-0891905189
28,27/5/2023,ghugginj,Returned,978-1296955182
29,27/5/2023,bsherryk,Returned,978-1328613042
30,27/5/2023,usolonl,Returned,978-1328791825
31,27/5/2023,wcarthewm,Returned,978-1338878929
32,27/5/2023,vwabersinken,Returned,978-1338878956
33,27/5/2023,rtolchardo,Returned,978-1338878981
34,27/5/2023,kcolpusp,Returned,978-1400093007
35,27/5/2023,lheisterq,Returned,978-1419160226
36,27/5/2023,mattyr,Returned,978-1432647896
37,27/5/2023,mwalliss,Returned,978-1451626657
38,27/5/2023,lfirmagert,Returned,978-1481252768
39,27/5/2023,lstaresmeareu,Returned,978-1503280786
40,27/5/2023,vpenhaleurackv,Returned,978-0671027346
41,27/5/2023,ditzhaiekw,Returned,978-0679734529
42,27/5/2023,veclesx,Returned,978-0679781585
43,27/5/2023,aobelld,Returned,978-0743273565
44,27/5/2023,dtavinore,Returned,978-0803234840
45,27/5/2023,swoosnamf,Returned,978-3958551930
46,27/5/2023,slimpertzg,Returned,978-6180214086
47,27/5/2023,lgoodludh,Returned,978-6180215496
48,27/5/2023,ehuntoni,Returned,978-6180216615
49,27/5/2023,ghugginj,Returned,978-6589711377
50,27/5/2023,bsherryk,Returned,978-7543321726
51,27/5/2023,usolonl,Returned,978-8408163381
52,27/5/2023,wcarthewm,Returned,978-8408163435
53,27/5/2023,vwabersinken,Returned,978-8439735427
54,27/5/2023,rtolchardo,Returned,978-8466319058
55,27/5/2023,kcolpusp,Returned,978-8476696538
56,27/5/2023,lheisterq,Returned,978-8823519107
57,27/5/2023,mattyr,Returned,978-9600432738
58,27/5/2023,mwalliss,Returned,978-9601673615
59,27/5/2023,lfirmagert,Returned,978-9602631393
60,27/5/2023,lstaresmeareu,Returned,978-9605017484
61,27/5/2023,vpenhaleurackv,Returned,978-9606611179
62,27/5/2023,ditzhaiekw,Returned,978-9609444477
63,27/5/2023,veclesx,Returned,978-8408163435
64,28/5/2023,gsperrettd,Returned,978-0486290812
65,27/5/2023,oshipe,Returned,978-0486415871
66,27/5/2023,amanisf,Returned,978-0525433477
67,27/5/2023,mkernellg,Returned,978-0544003415
68,27/5/2023,mfaraganh,Returned,978-0544337992
69,27/5/2023,tliasi,Returned,978-0544636341
70,27/5/2023,jmeliaj,Returned,978-0545582938
71,27/5/2023,mcadwaladrk,Returned,978-0547154119
72,27/5/2023,pmenchentonl,Returned,978-0547394572
73,27/5/2023,cmaskellm,Returned,978-0547928227
74,27/5/2023,mcronn,Returned,978-0553108033
75,27/5/2023,mdonneelyo,Returned,978-0553381709
76,27/5/2023,dgalegop,Returned,978-0553418026
77,27/5/2023,hniblettq,Returned,978-0553582017
78,27/5/2023,abillingsleyr,Returned,978-0553582024
79,27/5/2023,stacks,Returned,978-0553593716
80,27/5/2023,eelsipt,Returned,978-0618002245
81,27/5/2023,hlabbatiu,Returned,978-0618056996
82,27/5/2023,hhenningtonv,Returned,978-0544636341
83,27/5/2023,kostasfourtounis,Returned,978-0545582938
84,26/5/2023,gsperrettd,Returned,978-0274808328
85,27/5/2023,oshipe,Returned,978-0307387899
86,27/5/2023,amanisf,Returned,978-0307474735
87,27/5/2023,mkernellg,Returned,978-0307588371
88,27/5/2023,mfaraganh,Returned,978-0307743659
89,27/5/2023,tliasi,Returned,978-0316015844
90,27/5/2023,jmeliaj,Returned,978-0316769488
91,27/5/2023,mcadwaladrk,Returned,978-0345325815
92,27/5/2023,pmenchentonl,Returned,978-0345339713
93,27/5/2023,cmaskellm,Returned,978-0345345066
94,27/5/2023,mcronn,Returned,978-0345375216
95,27/5/2023,mdonneelyo,Returned,978-0345388186
96,27/5/2023,dgalegop,Returned,978-0345518842
97,27/5/2023,hniblettq,Returned,978-0370007724
98,27/5/2023,abillingsleyr,Returned,978-0374528379
99,27/5/2023,stacks,Returned,978-0375823732
100,27/5/2023,eelsipt,Returned,978-0375842209
101,27/5/2023,hlabbatiu,Returned,978-0385737951
102,27/5/2023,hhenningtonv,Returned,978-0393324907
103,27/5/2023,kostasfourtounis,Returned,978-0395489314
104,27/5/2023,gsperrettd,Returned,978-0395606490
105,27/5/2023,oshipe,Returned,978-0395710418
106,27/5/2023,amanisf,Returned,978-0141439556
107,27/5/2023,mkernellg,Returned,978-0141439570
108,27/5/2023,mfaraganh,Returned,978-0141439662
109,27/5/2023,tliasi,Returned,978-0141441146
110,27/5/2023,jmeliaj,Returned,978-0141441412
111,27/5/2023,mcadwaladrk,Returned,978-0142402535
112,27/5/2023,pmenchentonl,Returned,978-0142424179
113,27/5/2023,cmaskellm,Returned,978-0192804655
114,27/5/2023,mcronn,Returned,978-0199536214
115,27/5/2023,mdonneelyo,Returned,978-0261102200
116,27/5/2023,dgalegop,Returned,978-0274808328
117,27/5/2023,hniblettq,Returned,978-0307387899
118,27/5/2023,abillingsleyr,Returned,978-0307474735
119,27/5/2023,stacks,Returned,978-0307588371
120,27/5/2023,eelsipt,Returned,978-0307743659
121,27/5/2023,hlabbatiu,Returned,978-0307743659
122,27/5/2023,hhenningtonv,Returned,978-0316015844
123,27/5/2023,kostasfourtounis,Returned,978-0316769488
124,30/5/2023,mchaffen8,Returned,978-2070364237
125,27/5/2023,sdekeep9,Returned,978-2070412396
126,27/5/2023,kwardsa,Returned,978-2253007104
127,27/5/2023,ecordallb,Returned,978-2253030225
128,27/5/2023,jrebouletc,Returned,978-2253098058
129,27/5/2023,mtunstalld,Returned,978-2253140870
130,27/5/2023,sspurriere,Returned,978-3103481280
131,27/5/2023,sbackf,Returned,978-3125776920
132,27/5/2023,rmcsarryg,Returned,978-3257228007
133,27/5/2023,gbrownseyh,Returned,978-3257229530
134,27/5/2023,wbeastalli,Returned,978-3257230475
135,27/5/2023,dsolonj,Returned,978-3423118217
136,27/5/2023,mronischk,Returned,978-3462046335
137,27/5/2023,rmoffl,Returned,978-3518366752
138,27/5/2023,gmaricm,Returned,978-3518458006
139,27/5/2023,gmacgalln,Returned,978-3522128001
140,27/5/2023,vklugelo,Returned,978-3792000274
141,27/5/2023,jimkontos,Returned,978-3958551930
142,27/5/2023,goergemasouras,Returned,978-6180214086
143,27/5/2023,ncotman0,Returned,978-6180215496
144,27/5/2023,mchaffen8,Returned,978-6180216615
145,27/5/2023,sdekeep9,Returned,978-6589711377
146,27/5/2023,kwardsa,Returned,978-3518366752
147,27/5/2023,ecordallb,Returned,978-3518458006
148,27/5/2023,jrebouletc,Returned,978-3522128001
149,27/5/2023,mtunstalld,Returned,978-3792000274
150,27/5/2023,sspurriere,Returned,978-3958551930
151,27/5/2023,sbackf,Returned,978-6180214086
152,27/5/2023,rmcsarryg,Returned,978-6180215496
153,27/5/2023,gbrownseyh,Returned,978-6180216615
154,27/5/2023,wbeastalli,Returned,978-6589711377
155,27/5/2023,dsolonj,Returned,978-7543321726
156,27/5/2023,mronischk,Returned,978-8408163381
157,27/5/2023,rmoffl,Returned,978-8408163435
158,27/5/2023,gmaricm,Returned,978-1328791825
159,27/5/2023,gmacgalln,Returned,978-1338878929
160,27/5/2023,vklugelo,Returned,978-1338878956
161,27/5/2023,jimkontos,Returned,978-1338878981
162,27/5/2023,goergemasouras,Returned,978-1400093007
163,27/5/2023,ncotman0,Returned,978-1419160226
164,27/5/2023,mchaffen8,Returned,978-1432647896
165,27/5/2023,sdekeep9,Returned,978-1451626657
166,27/5/2023,kwardsa,Returned,978-1481252768
167,27/5/2023,ecordallb,Returned,978-1503280786
168,27/5/2023,jrebouletc,Returned,978-1505573947
169,27/5/2023,mtunstalld,Returned,978-1515424284
170,27/5/2023,sspurriere,Returned,978-1517355371
171,27/5/2023,sbackf,Returned,978-0671027346
172,27/5/2023,rmcsarryg,Returned,978-0679734529
173,27/5/2023,gbrownseyh,Returned,978-0679781585
174,27/5/2023,wbeastalli,Returned,978-0743273565
175,27/5/2023,dsolonj,Returned,978-0803234840
176,27/5/2023,mronischk,Returned,978-0810115187
177,27/5/2023,rmoffl,Returned,978-0812550702
178,27/5/2023,gmaricm,Returned,978-0812988529
179,27/5/2023,gmacgalln,Returned,978-0679734529
180,27/5/2023,vklugelo,Returned,978-0679781585
181,27/5/2023,jimkontos,Returned,978-0743273565
182,27/5/2023,goergemasouras,Returned,978-0803234840
183,27/5/2023,ncotman0,Returned,978-0810115187
184,27/4/2023,agartrell1,Returned,978-0062265722
185,27/5/2023,anolder2,Returned,978-0062511409
186,27/5/2023,goxenford3,Returned,978-0066238500
187,27/5/2023,bfreyne4,Returned,978-0140367119
188,27/5/2023,achatres5,Returned,978-0140443158
189,27/5/2023,cguiden6,Returned,978-0140445053
190,27/5/2023,fbaselli7,Returned,978-0140446586
191,27/5/2023,cforde8,Returned,978-0140447422
192,27/5/2023,eeagland9,Returned,978-0140447927
193,27/5/2023,cwitherdena,Returned,978-0140449112
194,27/5/2023,vmosbyb,Returned,978-0141439518
195,27/5/2023,abottc,Returned,978-0141439556
196,27/5/2023,bmoscod,Returned,978-0141439570
197,27/5/2023,pcoylee,Returned,978-0141439662
198,27/5/2023,tshearerf,Returned,978-0141441146
199,27/5/2023,dsuttellg,Returned,978-0141441412
200,27/5/2023,jthameh,Returned,978-0142402535
201,27/5/2023,rshapcotti,Returned,978-0142424179
202,27/5/2023,rmulchronej,Returned,978-0192804655
203,27/5/2023,sadamok,Returned,978-0199536214
204,27/5/2023,pgarrickl,Returned,978-0261102200
205,27/5/2023,ibrichamm,Returned,978-0274808328
206,27/5/2023,khambletonn,Returned,978-0307387899
207,27/5/2023,agartrell1,Returned,978-0140447422
208,27/5/2023,anolder2,Returned,978-0140447927
209,27/5/2023,goxenford3,Returned,978-0140449112
210,27/5/2023,bfreyne4,Returned,978-0141439518
211,27/5/2023,achatres5,Returned,978-0141439556
212,27/5/2023,cguiden6,Returned,978-0141439570
213,27/5/2023,fbaselli7,Returned,978-0141439662
214,27/5/2023,cforde8,Returned,978-0141441146
215,27/5/2023,eeagland9,Returned,978-0141441412
216,27/5/2023,cwitherdena,Returned,978-0142402535
217,27/5/2023,vmosbyb,Returned,978-0142424179
218,27/5/2023,abottc,Returned,978-0192804655
219,27/5/2023,bmoscod,Returned,978-0199536214
220,27/5/2023,pcoylee,Returned,978-0261102200
221,27/5/2023,tshearerf,Returned,978-0274808328
222,27/5/2023,dsuttellg,Returned,978-0307387899
223,27/5/2023,jthameh,Returned,978-0307474735
224,27/5/2023,rshapcotti,Returned,978-0307588371
225,27/5/2023,rmulchronej,Returned,978-0307743659
226,27/5/2023,sadamok,Returned,978-0316015844
227,27/5/2023,pgarrickl,Returned,978-0316769488
228,27/5/2023,ibrichamm,Returned,978-2253007104
229,27/5/2023,khambletonn,Returned,978-2253030225
230,27/5/2023,agartrell1,Returned,978-2253098058
231,27/5/2023,anolder2,Returned,978-2253140870
232,27/5/2023,goxenford3,Returned,978-3103481280
233,27/5/2023,bfreyne4,Returned,978-3125776920
234,27/5/2023,achatres5,Returned,978-3257228007
235,27/5/2023,cguiden6,Returned,978-3257229530
236,27/5/2023,fbaselli7,Returned,978-3257230475
237,27/5/2023,cforde8,Returned,978-3423118217
238,27/5/2023,eeagland9,Returned,978-3462046335
239,27/5/2023,cwitherdena,Returned,978-3518366752
240,27/5/2023,vmosbyb,Returned,978-3518458006
241,27/5/2023,abottc,Returned,978-3522128001
242,27/5/2023,bmoscod,Returned,978-3792000274
243,27/5/2023,pcoylee,Returned,978-3958551930
244,27/5/2023,tshearerf,Returned,978-6180214086
245,27/5/2023,dsuttellg,Returned,978-6180215496
246,27/5/2023,jthameh,Returned,978-6180216615
247,27/5/2023,rshapcotti,Returned,978-6589711377
248,12/5/2023,egantzman4,Returned,978-0061122415
249,27/5/2023,lmeader5,Returned,978-0062265722
250,27/5/2023,bbirtwell6,Returned,978-0062511409
251,27/5/2023,mwilmore7,Returned,978-0066238500
252,27/5/2023,dsnalom8,Returned,978-0140367119
253,27/5/2023,lmattek9,Returned,978-0140443158
254,27/5/2023,wsignea,Returned,978-0140445053
255,27/5/2023,hbolderob,Returned,978-0140446586
256,27/5/2023,atuillerc,Returned,978-0140447422
257,27/5/2023,ssinnottd,Returned,978-0140447927
258,27/5/2023,smcguinleye,Returned,978-0140449112
259,27/5/2023,hsabbertonf,Returned,978-0141439518
260,27/5/2023,dmackelleng,Returned,978-0141439556
261,27/5/2023,bfarndaleh,Returned,978-0141439570
262,27/5/2023,sjacobii,Returned,978-0141439662
263,27/5/2023,jleleuj,Returned,978-0141441146
264,27/5/2023,rmccrostiek,Returned,978-0141441412
265,27/5/2023,bmenloel,Returned,978-0142402535
266,27/5/2023,abywatersm,Returned,978-0142424179
267,27/5/2023,mscoggansn,Returned,978-0192804655
268,27/5/2023,cbainbriggeo,Returned,978-0199536214
269,27/5/2023,kostassloukas,Returned,978-0261102200
270,27/5/2023,alexpasx,Returned,978-0274808328
271,27/5/2023,egantzman4,Returned,978-0307387899
272,27/5/2023,lmeader5,Returned,978-0307474735
273,27/5/2023,bbirtwell6,Returned,978-0307588371
274,27/5/2023,mwilmore7,Returned,978-0307743659
275,27/5/2023,dsnalom8,Returned,978-0316015844
276,27/5/2023,lmattek9,Returned,978-0316769488
277,27/5/2023,wsignea,Returned,978-0345325815
278,27/5/2023,hbolderob,Returned,978-0345339713
279,27/5/2023,atuillerc,Returned,978-0345345066
280,27/5/2023,ssinnottd,Returned,978-0345375216
281,27/5/2023,smcguinleye,Returned,978-0345388186
282,27/5/2023,hsabbertonf,Returned,978-0345518842
283,27/5/2023,dmackelleng,Returned,978-0370007724
284,27/5/2023,bfarndaleh,Returned,978-0374528379
285,27/5/2023,sjacobii,Returned,978-0375823732
286,27/5/2023,jleleuj,Returned,978-0375842209
287,27/5/2023,rmccrostiek,Returned,978-0385737951
288,27/5/2023,bmenloel,Returned,978-0393324907
289,27/5/2023,abywatersm,Returned,978-0547154119
290,27/5/2023,mscoggansn,Returned,978-0547394572
291,27/5/2023,cbainbriggeo,Returned,978-0547928227
292,27/5/2023,kostassloukas,Returned,978-0553108033
293,27/5/2023,alexpasx,Returned,978-0553381709
294,27/5/2023,egantzman4,Returned,978-0553418026
295,27/5/2023,lmeader5,Returned,978-0553582017
296,27/5/2023,bbirtwell6,Returned,978-0553582024
297,27/5/2023,mwilmore7,Returned,978-0553593716
298,27/5/2023,dsnalom8,Returned,978-0618002245
299,27/5/2023,lmattek9,Returned,978-0618056996
300,27/5/2023,wsignea,Returned,978-0618083572
301,27/5/2023,hbolderob,Returned,978-0618083596
302,27/5/2023,atuillerc,Returned,978-0618126996
303,27/5/2023,ssinnottd,Returned,978-0618134700
304,27/5/2023,smcguinleye,Returned,978-0671027346
305,27/5/2023,hsabbertonf,Returned,978-0679734529
306,27/5/2023,dmackelleng,Returned,978-0679781585
307,27/5/2023,bfarndaleh,Returned,978-0743273565
308,27/5/2023,sjacobii,Returned,978-0803234840
309,27/5/2023,jleleuj,Returned,978-0810115187
310,27/5/2023,rmccrostiek,Returned,978-0618083596
311,27/5/2023,bmenloel,Returned,978-0618126996
312,27/5/2023,abywatersm,Returned,978-0618134700
313,27/5/2023,mscoggansn,Returned,978-0671027346
314,27/5/2023,cbainbriggeo,Returned,978-0679734529
315,27/5/2023,kostassloukas,Returned,978-0679781585
316,27/5/2023,alexpasx,Returned,978-0743273565
